"","filename","dyadNumber","condition","game","trial","target","choice","correct","trialStart","trialEnd","trialValue","startOfNextTrial","signallingPlayer","role","turnNumber","turnType","turnStart","turnEnd","turnLength","modality","signalStart","signalEnd","signalLength","signalType","trialString","modalityCondition","playerId","itemId","turnString","trialLength","matcherResponds","matcherResponds.cumulative","numTurns.cumulative"
"1","D10_TT_Coded.eaf","D10","Auditory",0,4,5,6,FALSE,178820,199387,"Ga0 Tu4 Ta5 {7 5 *6*} Ch6",200158,1,"Director",1,"T1",182584,183154,570,"Acoustic",182584,183154,570,"x","Auditory D10 0 4","vocal","D10 1","Auditory 5","Auditory vocal D10 182584 183154",16803,FALSE,0,0
"2","D10_TT_Coded.eaf","D10","Auditory",0,5,4,4,TRUE,200158,215229,"Ga0 Tu5 Ta4 {*4* 7 1} Ch4",217724,2,"Director",1,"T1",204010,206800,2790,"Acoustic",203994,204624,630,"x","Auditory D10 0 5","vocal","D10 2","Auditory 4","Auditory vocal D10 204010 206800",11219,FALSE,0,0
"3","D10_TT_Coded.eaf","D10","Auditory",0,5,4,4,TRUE,200158,215229,"Ga0 Tu5 Ta4 {*4* 7 1} Ch4",217724,2,"Director",1,"T1",204010,206800,2790,"Acoustic",206014,206794,780,"x","Auditory D10 0 5","vocal","D10 2","Auditory 4","Auditory vocal D10 204010 206800",11219,FALSE,0,0
"4","D10_TT_Coded.eaf","D10","Auditory",0,6,3,3,TRUE,217724,234714,"Ga0 Tu6 Ta3 {4 5 *3*} Ch3",236333,1,"Director",1,"T1",223991,227641,3650,"Acoustic",223991,227641,3650,"x","Auditory D10 0 6","vocal","D10 1","Auditory 3","Auditory vocal D10 223991 227641",10723,FALSE,0,0
"5","D10_TT_Coded.eaf","D10","Auditory",1,12,8,8,TRUE,644395,656771,"Ga1 Tu12 Ta8 {1 *8* 6} Ch8",655131,1,"Director",1,"T1",646250,648370,2120,"Acoustic",646250,648370,2120,"x","Auditory D10 1 12","vocal","D10 1","Auditory 8","Auditory vocal D10 646250 648370",10521,FALSE,0,0
"6","D10_TT_Coded.eaf","D10","Auditory",1,13,6,6,TRUE,655131,667339,"Ga1 Tu13 Ta6 {*6* 7 8} Ch6",670017,2,"Director",1,"T1",661191,666431,5240,"Acoustic",661191,666431,5240,"x","Auditory D10 1 13","vocal","D10 2","Auditory 6","Auditory vocal D10 661191 666431",6148,FALSE,0,0
"7","D10_TT_Coded.eaf","D10","Auditory",1,14,4,4,TRUE,670017,687949,"Ga1 Tu14 Ta4 {6 5 *4*} Ch4",690546,1,"Director",1,"T1",670200,673490,3290,"Acoustic",670215,670755,540,"x","Auditory D10 1 14","vocal","D10 1","Auditory 4","Auditory vocal D10 670200 673490",17749,FALSE,0,0
"8","D10_TT_Coded.eaf","D10","Auditory",1,14,4,4,TRUE,670017,687949,"Ga1 Tu14 Ta4 {6 5 *4*} Ch4",690546,1,"Director",1,"T1",670200,673490,3290,"Acoustic",672850,673490,640,"x","Auditory D10 1 14","vocal","D10 1","Auditory 4","Auditory vocal D10 670200 673490",17749,FALSE,0,0
"9","D10_TT_Coded.eaf","D10","Auditory",1,15,7,7,TRUE,690546,704961,"Ga1 Tu15 Ta7 {8 *7* 3} Ch7",713190,2,"Director",1,"T1",695210,699810,4600,"Acoustic",695210,699810,4600,"x","Auditory D10 1 15","vocal","D10 2","Auditory 7","Auditory vocal D10 695210 699810",9751,FALSE,0,0
"10","D10_TT_Coded.eaf","D10","Auditory",3,5,2,2,TRUE,1007374,1023885,"Ga3 Tu5 Ta2 {*2* 1 4} Ch2",1025455,2,"Director",1,"T1",1015420,1019120,3700,"Acoustic",1015420,1019120,3700,"x","Auditory D10 3 5","vocal","D10 2","Auditory 2","Auditory vocal D10 1015420 1019120",8465,FALSE,0,0
"11","D10_TT_Coded.eaf","D10","Auditory",3,6,8,8,TRUE,1025455,1031639,"Ga3 Tu6 Ta8 {1 *8* 6} Ch8",1032653,1,"Director",1,"T1",1027395,1029715,2320,"Acoustic",1027395,1029715,2320,"x","Auditory D10 3 6","vocal","D10 1","Auditory 8","Auditory vocal D10 1027395 1029715",4244,FALSE,0,0
"12","D10_TT_Coded.eaf","D10","Auditory",3,7,3,3,TRUE,1032653,1044788,"Ga3 Tu7 Ta3 {8 *3* 4} Ch3",1045255,2,"Director",1,"T1",1036410,1044800,8390,"Acoustic",1036400,1043580,7180,"x","Auditory D10 3 7","vocal","D10 2","Auditory 3","Auditory vocal D10 1036410 1044800",8378,FALSE,0,0
"13","D10_TT_Coded.eaf","D10","Auditory",3,7,3,3,TRUE,1032653,1044788,"Ga3 Tu7 Ta3 {8 *3* 4} Ch3",1045255,2,"Director",1,"T1",1036410,1044800,8390,"Acoustic",1044000,1044790,790,"x","Auditory D10 3 7","vocal","D10 2","Auditory 3","Auditory vocal D10 1036410 1044800",8378,FALSE,0,0
"14","D10_TT_Coded.eaf","D10","Visual",0,9,2,2,TRUE,1450792,1459248,"Ga0 Tu9 Ta2 {*2* 1 4} Ch2",1460076,1,"Director",1,"T1",1454390,1456790,2400,"Acoustic",1454390,1456790,2400,"x","Visual D10 0 9","vocal","D10 1","Visual 2","Visual vocal D10 1454390 1456790",4858,FALSE,0,0
"15","D10_TT_Coded.eaf","D10","Visual",0,10,4,4,TRUE,1460076,1475787,"Ga0 Tu10 Ta4 {6 5 *4*} Ch4",1476815,2,"Director",1,"T1",1466590,1472490,5900,"Acoustic",1466595,1467505,910,"x","Visual D10 0 10","vocal","D10 2","Visual 4","Visual vocal D10 1466590 1472490",9197,FALSE,0,0
"16","D10_TT_Coded.eaf","D10","Visual",0,10,4,4,TRUE,1460076,1475787,"Ga0 Tu10 Ta4 {6 5 *4*} Ch4",1476815,2,"Director",1,"T1",1466590,1472490,5900,"Acoustic",1468705,1472505,3800,"x","Visual D10 0 10","vocal","D10 2","Visual 4","Visual vocal D10 1466590 1472490",9197,FALSE,0,0
"17","D10_TT_Coded.eaf","D10","Visual",0,11,7,7,TRUE,1476815,1486919,"Ga0 Tu11 Ta7 {8 *7* 3} Ch7",1488346,1,"Director",1,"T1",1479320,1483900,4580,"Acoustic",1479320,1483900,4580,"x","Visual D10 0 11","vocal","D10 1","Visual 7","Visual vocal D10 1479320 1483900",7599,FALSE,0,0
"18","D10_TT_Coded.eaf","D10","Visual",1,5,4,4,TRUE,1623572,1629820,"Ga1 Tu5 Ta4 {*4* 7 1} Ch4",1630260,1,"Director",1,"T1",1625230,1628500,3270,"Acoustic",1625230,1628500,3270,"x","Visual D10 1 5","vocal","D10 1","Visual 4","Visual vocal D10 1625230 1628500",4590,FALSE,0,0
"19","D10_TT_Coded.eaf","D10","Visual",1,6,6,6,TRUE,1630260,1638132,"Ga1 Tu6 Ta6 {2 *6* 8} Ch6",1640045,2,"Director",1,"T1",1633080,1638000,4920,"Acoustic",1633080,1638000,4920,"x","Visual D10 1 6","vocal","D10 2","Visual 6","Visual vocal D10 1633080 1638000",5052,FALSE,0,0
"20","D10_TT_Coded.eaf","D10","Visual",1,7,2,2,TRUE,1640045,1642924,"Ga1 Tu7 Ta2 {*2* 1 4} Ch2",1643716,1,"Director",1,"T1",1639610,1642220,2610,"Acoustic",1639610,1642220,2610,"x","Visual D10 1 7","vocal","D10 1","Visual 2","Visual vocal D10 1639610 1642220",3314,FALSE,0,0
"21","D10_TT_Coded.eaf","D10","Visual",1,8,1,1,TRUE,1643716,1650523,"Ga1 Tu8 Ta1 {*1* 7 2} Ch1",1652420,2,"Director",1,"T1",1645220,1650680,5460,"Acoustic",1645220,1650680,5460,"x","Visual D10 1 8","vocal","D10 2","Visual 1","Visual vocal D10 1645220 1650680",5303,FALSE,0,0
"22","D10_TT_Coded.eaf","D10","Visual",1,9,5,3,FALSE,1652420,1662123,"Ga1 Tu9 Ta5 {2 *3* 5} Ch3",1662355,1,"Director",1,"T1",1653410,1658220,4810,"Acoustic",1653410,1658220,4810,"x","Visual D10 1 9","vocal","D10 1","Visual 5","Visual vocal D10 1653410 1658220",8713,FALSE,0,0
"23","D10_TT_Coded.eaf","D10","Visual",1,10,2,2,TRUE,1662355,1667427,"Ga1 Tu10 Ta2 {5 1 *2*} Ch2",1668764,2,"Director",1,"T1",1663610,1666400,2790,"Acoustic",1663610,1666400,2790,"x","Visual D10 1 10","vocal","D10 2","Visual 2","Visual vocal D10 1663610 1666400",3817,FALSE,0,0
"24","D10_TT_Coded.eaf","D10","Visual",1,11,3,3,TRUE,1668764,1672996,"Ga1 Tu11 Ta3 {8 *3* 4} Ch3",1672674,1,"Director",1,"T1",1668960,1669760,800,"Acoustic",1668960,1669760,800,"x","Visual D10 1 11","vocal","D10 1","Visual 3","Visual vocal D10 1668960 1669760",4036,FALSE,0,0
"25","D10_TT_Coded.eaf","D10","Visual",1,12,8,8,TRUE,1672674,1688562,"Ga1 Tu12 Ta8 {1 *8* 6} Ch8",1690715,2,"Director",1,"T1",1674790,1682430,7640,"Acoustic",1674790,1676710,1920,"x","Visual D10 1 12","vocal","D10 2","Visual 8","Visual vocal D10 1674790 1682430",13772,FALSE,0,0
"26","D10_TT_Coded.eaf","D10","Visual",1,12,8,8,TRUE,1672674,1688562,"Ga1 Tu12 Ta8 {1 *8* 6} Ch8",1690715,2,"Director",1,"T1",1674790,1682430,7640,"Acoustic",1679730,1682440,2710,"x","Visual D10 1 12","vocal","D10 2","Visual 8","Visual vocal D10 1674790 1682430",13772,FALSE,0,0
"27","D10_TT_Coded.eaf","D10","Visual",3,7,3,3,TRUE,1887712,1890680,"Ga3 Tu7 Ta3 {8 *3* 4} Ch3",1890170,1,"Director",1,"T1",1887590,1888440,850,"Acoustic",1887590,1888440,850,"x","Visual D10 3 7","vocal","D10 1","Visual 3","Visual vocal D10 1887590 1888440",3090,FALSE,0,0
"28","D11_TT_Coded.eaf","D11","Visual",1,6,6,6,TRUE,343591,351478,"Ga1 Tu6 Ta6 {2 *6* 8} Ch6",351787,1,"Director",1,"T1",347863,349512,1649,"Visual",347863,349512,1649,"x","Visual D11 1 6","visual","D11 1","Visual 6","Visual visual D11 347863 349512",3615,FALSE,0,0
"29","D11_TT_Coded.eaf","D11","Visual",1,7,2,2,TRUE,351787,357243,"Ga1 Tu7 Ta2 {*2* 1 4} Ch2",357606,2,"Director",1,"T1",354600,356046,1446,"Visual",354600,356046,1446,"x","Visual D11 1 7","visual","D11 2","Visual 2","Visual visual D11 354600 356046",2643,FALSE,0,0
"30","D11_TT_Coded.eaf","D11","Visual",1,8,1,1,TRUE,357606,373582,"Ga1 Tu8 Ta1 {*1* 7 2} Ch1",374043,1,"Director",1,"T1",363830,367655,3825,"Visual",363830,367655,3825,"x","Visual D11 1 8","visual","D11 1","Visual 1","Visual visual D11 363830 367655",9752,TRUE,1,2
"31","D11_TT_Coded.eaf","D11","Visual",1,8,1,1,TRUE,357606,373582,"Ga1 Tu8 Ta1 {*1* 7 2} Ch1",374043,2,"Matcher",1,"T2",368932,370418,1486,"Visual",368932,370418,1486,"x","Visual D11 1 8","visual","D11 2","Visual 1","Visual visual D11 368932 370418",9752,TRUE,1,2
"32","D11_TT_Coded.eaf","D11","Visual",1,8,1,1,TRUE,357606,373582,"Ga1 Tu8 Ta1 {*1* 7 2} Ch1",374043,1,"Director",2,"T3",370034,372615,2581,"Visual",370034,372615,2581,"x","Visual D11 1 8","visual","D11 1","Visual 1","Visual visual D11 370034 372615",9752,TRUE,1,2
"33","D11_TT_Coded.eaf","D11","Visual",1,9,5,5,TRUE,374043,381570,"Ga1 Tu9 Ta5 {2 3 *5*} Ch5",381222,2,"Director",1,"T1",377399,379493,2094,"Visual",377399,379493,2094,"x","Visual D11 1 9","visual","D11 2","Visual 5","Visual visual D11 377399 379493",4171,FALSE,1,2
"34","D11_TT_Coded.eaf","D11","Visual",1,10,2,2,TRUE,381222,388269,"Ga1 Tu10 Ta2 {5 1 *2*} Ch2",388666,1,"Director",1,"T1",385364,386945,1581,"Visual",385364,386945,1581,"x","Visual D11 1 10","visual","D11 1","Visual 2","Visual visual D11 385364 386945",2905,FALSE,1,2
"35","D11_TT_Coded.eaf","D11","Visual",1,11,3,3,TRUE,388666,399722,"Ga1 Tu11 Ta3 {8 *3* 4} Ch3",399381,2,"Director",1,"T1",393500,396756,3256,"Visual",393500,396756,3256,"x","Visual D11 1 11","visual","D11 2","Visual 3","Visual visual D11 393500 396756",6222,FALSE,1,2
"36","D11_TT_Coded.eaf","D11","Visual",1,12,8,8,TRUE,399381,406757,"Ga1 Tu12 Ta8 {1 *8* 6} Ch8",406698,1,"Director",1,"T1",402986,405121,2135,"Visual",402986,405121,2135,"x","Visual D11 1 12","visual","D11 1","Visual 8","Visual visual D11 402986 405121",3771,FALSE,1,2
"37","D11_TT_Coded.eaf","D11","Visual",1,13,6,6,TRUE,406698,413337,"Ga1 Tu13 Ta6 {*6* 7 8} Ch6",414909,2,"Director",1,"T1",410175,411756,1581,"Visual",410175,411756,1581,"x","Visual D11 1 13","visual","D11 2","Visual 6","Visual visual D11 410175 411756",3162,FALSE,1,2
"38","D11_TT_Coded.eaf","D11","Visual",2,6,6,6,TRUE,480491,486850,"Ga2 Tu6 Ta6 {2 *6* 8} Ch6",486911,1,"Director",1,"T1",483945,485324,1379,"Visual",483945,485324,1379,"x","Visual D11 2 6","visual","D11 1","Visual 6","Visual visual D11 483945 485324",2905,FALSE,1,2
"39","D11_TT_Coded.eaf","D11","Visual",2,7,2,2,TRUE,486911,492694,"Ga2 Tu7 Ta2 {*2* 1 4} Ch2",493050,2,"Director",1,"T1",490384,491601,1217,"Visual",490384,491601,1217,"x","Visual D11 2 7","visual","D11 2","Visual 2","Visual visual D11 490384 491601",2310,FALSE,1,2
"40","D11_TT_Coded.eaf","D11","Visual",2,8,4,4,TRUE,493050,501587,"Ga2 Tu8 Ta4 {6 5 *4*} Ch4",501510,1,"Director",1,"T1",498594,500202,1608,"Visual",498594,500202,1608,"x","Visual D11 2 8","visual","D11 1","Visual 4","Visual visual D11 498594 500202",2993,FALSE,1,2
"41","D11_TT_Coded.eaf","D11","Visual",2,9,7,7,TRUE,501510,509669,"Ga2 Tu9 Ta7 {8 *7* 3} Ch7",509066,2,"Director",1,"T1",504973,507554,2581,"Visual",504973,507554,2581,"x","Visual D11 2 9","visual","D11 2","Visual 7","Visual visual D11 504973 507554",4696,FALSE,1,2
"42","D11_TT_Coded.eaf","D11","Visual",2,10,3,3,TRUE,509066,518601,"Ga2 Tu10 Ta3 {4 5 *3*} Ch3",517237,1,"Director",1,"T1",513040,515499,2459,"Visual",513040,515499,2459,"x","Visual D11 2 10","visual","D11 1","Visual 3","Visual visual D11 513040 515499",5561,FALSE,1,2
"43","D11_TT_Coded.eaf","D11","Visual",2,11,8,8,TRUE,517237,526557,"Ga2 Tu11 Ta8 {5 *8* 3} Ch8",526657,2,"Director",1,"T1",522567,524783,2216,"Visual",522567,524783,2216,"x","Visual D11 2 11","visual","D11 2","Visual 8","Visual visual D11 522567 524783",3990,FALSE,1,2
"44","D11_TT_Coded.eaf","D11","Visual",2,12,1,1,TRUE,526657,534729,"Ga2 Tu12 Ta1 {*1* 7 2} Ch1",533908,1,"Director",1,"T1",530715,532742,2027,"Visual",530715,532742,2027,"x","Visual D11 2 12","visual","D11 1","Visual 1","Visual visual D11 530715 532742",4014,FALSE,1,2
"45","D11_TT_Coded.eaf","D11","Visual",2,13,5,3,FALSE,533908,541132,"Ga2 Tu13 Ta5 {2 *3* 5} Ch3",541937,2,"Director",1,"T1",537716,540135,2419,"Visual",537716,540135,2419,"x","Visual D11 2 13","visual","D11 2","Visual 5","Visual visual D11 537716 540135",3416,FALSE,1,2
"46","D11_TT_Coded.eaf","D11","Auditory",0,5,4,4,TRUE,873304,882928,"Ga0 Tu5 Ta4 {*4* 7 1} Ch4",881643,2,"Director",1,"T1",878080,878824,744,"Visual",878080,878824,744,"x","Auditory D11 0 5","visual","D11 2","Auditory 4","Auditory visual D11 878080 878824",4848,FALSE,0,0
"47","D11_TT_Coded.eaf","D11","Auditory",0,6,3,3,TRUE,881643,891394,"Ga0 Tu6 Ta3 {4 5 *3*} Ch3",891009,1,"Director",1,"T1",889107,890012,905,"Visual",889107,890012,905,"x","Auditory D11 0 6","visual","D11 1","Auditory 3","Auditory visual D11 889107 890012",2287,FALSE,0,0
"48","D11_TT_Coded.eaf","D11","Auditory",0,7,8,8,TRUE,891009,902551,"Ga0 Tu7 Ta8 {5 *8* 3} Ch8",902746,2,"Director",1,"T1",898918,900364,1446,"Visual",898918,900364,1446,"x","Auditory D11 0 7","visual","D11 2","Auditory 8","Auditory visual D11 898918 900364",3633,FALSE,0,0
"49","D11_TT_Coded.eaf","D11","Auditory",0,8,6,6,TRUE,902746,915530,"Ga0 Tu8 Ta6 {2 *6* 8} Ch6",914647,1,"Director",1,"T1",908769,911796,3027,"Visual",908769,911796,3027,"x","Auditory D11 0 8","visual","D11 1","Auditory 6","Auditory visual D11 908769 911796",6761,FALSE,0,0
"50","D11_TT_Coded.eaf","D11","Auditory",0,9,2,2,TRUE,914647,926982,"Ga0 Tu9 Ta2 {*2* 1 4} Ch2",925762,2,"Director",1,"T1",922167,923640,1473,"Visual",922167,923640,1473,"x","Auditory D11 0 9","visual","D11 2","Auditory 2","Auditory visual D11 922167 923640",4815,FALSE,0,0
"51","D11_TT_Coded.eaf","D11","Auditory",0,10,4,4,TRUE,925762,934361,"Ga0 Tu10 Ta4 {6 5 *4*} Ch4",935166,1,"Director",1,"T1",931850,932540,690,"Visual",931850,932540,690,"x","Auditory D11 0 10","visual","D11 1","Auditory 4","Auditory visual D11 931850 932540",2511,FALSE,0,0
"52","D11_TT_Coded.eaf","D11","Auditory",3,0,3,3,TRUE,1302405,1308877,"Ga3 Tu0 Ta3 {4 5 *3*} Ch3",1309615,1,"Director",1,"T1",1306228,1307296,1068,"Visual",1306228,1307296,1068,"x","Auditory D11 3 0","visual","D11 1","Auditory 3","Auditory visual D11 1306228 1307296",2649,FALSE,0,0
"53","D11_TT_Coded.eaf","D11","Auditory",3,1,8,8,TRUE,1309615,1315214,"Ga3 Tu1 Ta8 {5 *8* 3} Ch8",1316157,2,"Director",1,"T1",1313066,1314688,1622,"Visual",1313066,1314688,1622,"x","Auditory D11 3 1","visual","D11 2","Auditory 8","Auditory visual D11 1313066 1314688",2148,FALSE,0,0
"54","D11_TT_Coded.eaf","D11","Auditory",3,2,4,4,TRUE,1316157,1322501,"Ga3 Tu2 Ta4 {6 5 *4*} Ch4",1322022,1,"Director",1,"T1",1320411,1321087,676,"Visual",1320411,1321087,676,"x","Auditory D11 3 2","visual","D11 1","Auditory 4","Auditory visual D11 1320411 1321087",2090,FALSE,0,0
"55","D11_TT_Coded.eaf","D11","Auditory",3,3,7,7,TRUE,1322022,1328350,"Ga3 Tu3 Ta7 {8 *7* 3} Ch7",1329581,2,"Director",1,"T1",1326202,1327405,1203,"Visual",1326202,1327405,1203,"x","Auditory D11 3 3","visual","D11 2","Auditory 7","Auditory visual D11 1326202 1327405",2148,FALSE,0,0
"56","D11_TT_Coded.eaf","D11","Auditory",3,4,6,6,TRUE,1329581,1339988,"Ga3 Tu4 Ta6 {2 *6* 8} Ch6",1338694,1,"Director",1,"T1",1335539,1337215,1676,"Visual",1335539,1337215,1676,"x","Auditory D11 3 4","visual","D11 1","Auditory 6","Auditory visual D11 1335539 1337215",4449,FALSE,0,0
"57","D11_TT_Coded.eaf","D11","Auditory",3,5,2,2,TRUE,1338694,1346725,"Ga3 Tu5 Ta2 {*2* 1 4} Ch2",1347028,2,"Director",1,"T1",1343945,1345445,1500,"Visual",1343945,1345445,1500,"x","Auditory D11 3 5","visual","D11 2","Auditory 2","Auditory visual D11 1343945 1345445",2780,FALSE,0,0
"58","D11_TT_Coded.eaf","D11","Auditory",3,6,8,8,TRUE,1347028,1354468,"Ga3 Tu6 Ta8 {1 *8* 6} Ch8",1353653,1,"Director",1,"T1",1351661,1353094,1433,"Visual",1351661,1353094,1433,"x","Auditory D11 3 6","visual","D11 1","Auditory 8","Auditory visual D11 1351661 1353094",2807,FALSE,0,0
"59","D11_TT_Coded.eaf","D11","Auditory",3,7,3,3,TRUE,1353653,1359245,"Ga3 Tu7 Ta3 {8 *3* 4} Ch3",1360012,2,"Director",1,"T1",1356979,1358073,1094,"Visual",1356979,1358073,1094,"x","Auditory D11 3 7","visual","D11 2","Auditory 3","Auditory visual D11 1356979 1358073",2266,FALSE,0,0
"60","D12_TT_Coded.eaf","D12","Auditory",1,4,5,5,TRUE,406009,419241,"Ga1 Tu4 Ta5 {7 *5* 6} Ch5",422876,1,"Director",1,"T1",408332,417525,9193,"Visual",408340,412551,4211,"x","Auditory D12 1 4","multi","D12 1","Auditory 5","Auditory multi D12 408332 417525",10909,FALSE,0,0
"61","D12_TT_Coded.eaf","D12","Auditory",1,4,5,5,TRUE,406009,419241,"Ga1 Tu4 Ta5 {7 *5* 6} Ch5",422876,1,"Director",1,"T1",408332,417525,9193,"Visual",416418,417541,1123,"x","Auditory D12 1 4","multi","D12 1","Auditory 5","Auditory multi D12 408332 417525",10909,FALSE,0,0
"62","D12_TT_Coded.eaf","D12","Auditory",1,4,5,5,TRUE,406009,419241,"Ga1 Tu4 Ta5 {7 *5* 6} Ch5",422876,1,"Director",1,"T1",408332,417525,9193,"Acoustic",416724,417567,843,"x","Auditory D12 1 4","multi","D12 1","Auditory 5","Auditory multi D12 408332 417525",10909,FALSE,0,0
"63","D12_TT_Coded.eaf","D12","Auditory",1,5,4,4,TRUE,422876,427740,"Ga1 Tu5 Ta4 {*4* 7 1} Ch4",429120,2,"Director",1,"T1",423996,424943,947,"Visual",423996,424943,947,"x","Auditory D12 1 5","multi","D12 2","Auditory 4","Auditory multi D12 423996 424943",3744,FALSE,0,0
"64","D12_TT_Coded.eaf","D12","Auditory",1,6,6,6,TRUE,429120,444000,"Ga1 Tu6 Ta6 {2 *6* 8} Ch6",444651,1,"Director",1,"T1",437407,440477,3070,"Acoustic",437793,440494,2701,"x","Auditory D12 1 6","multi","D12 1","Auditory 6","Auditory multi D12 437407 440477",6593,FALSE,0,0
"65","D12_TT_Coded.eaf","D12","Auditory",1,7,2,2,TRUE,444651,453530,"Ga1 Tu7 Ta2 {*2* 1 4} Ch2",454448,2,"Director",1,"T1",449354,453021,3667,"Visual",449354,453021,3667,"x","Auditory D12 1 7","multi","D12 2","Auditory 2","Auditory multi D12 449354 453021",4176,FALSE,0,0
"66","D12_TT_Coded.eaf","D12","Auditory",1,8,1,1,TRUE,454448,462391,"Ga1 Tu8 Ta1 {*1* 7 2} Ch1",466176,1,"Director",1,"T1",459754,462034,2280,"Visual",459754,462034,2280,"x","Auditory D12 1 8","multi","D12 1","Auditory 1","Auditory multi D12 459754 462034",2637,FALSE,0,0
"67","D12_TT_Coded.eaf","D12","Auditory",1,8,1,1,TRUE,454448,462391,"Ga1 Tu8 Ta1 {*1* 7 2} Ch1",466176,1,"Director",1,"T1",459754,462034,2280,"Acoustic",460183,462025,1842,"x","Auditory D12 1 8","multi","D12 1","Auditory 1","Auditory multi D12 459754 462034",2637,FALSE,0,0
"68","D12_TT_Coded.eaf","D12","Auditory",2,5,3,3,TRUE,703961,708112,"Ga2 Tu5 Ta3 {8 *3* 4} Ch3",707992,2,"Director",1,"T1",702859,704631,1772,"Visual",702859,704631,1772,"x","Auditory D12 2 5","multi","D12 2","Auditory 3","Auditory multi D12 702859 704631",5253,FALSE,0,0
"69","D12_TT_Coded.eaf","D12","Auditory",2,6,6,6,TRUE,707992,724687,"Ga2 Tu6 Ta6 {2 *6* 8} Ch6",727984,1,"Director",1,"T1",712718,720858,8140,"Visual",712718,720858,8140,"x","Auditory D12 2 6","multi","D12 1","Auditory 6","Auditory multi D12 712718 720858",11969,TRUE,1,1
"70","D12_TT_Coded.eaf","D12","Auditory",2,6,6,6,TRUE,707992,724687,"Ga2 Tu6 Ta6 {2 *6* 8} Ch6",727984,2,"Matcher",1,"T2",721270,723077,1807,"Visual",721270,723077,1807,"x","Auditory D12 2 6","multi","D12 2","Auditory 6","Auditory multi D12 721270 723077",11969,TRUE,1,1
"71","D12_TT_Coded.eaf","D12","Auditory",2,7,2,2,TRUE,727984,735168,"Ga2 Tu7 Ta2 {*2* 1 4} Ch2",734110,2,"Director",1,"T1",727981,730560,2579,"Visual",727981,730560,2579,"x","Auditory D12 2 7","multi","D12 2","Auditory 2","Auditory multi D12 727981 730560",7187,FALSE,1,1
"72","D12_TT_Coded.eaf","D12","Auditory",2,8,4,5,FALSE,734110,740670,"Ga2 Tu8 Ta4 {6 *5* 4} Ch5",742700,1,"Director",1,"T1",737665,738349,684,"Visual",737665,738349,684,"x","Auditory D12 2 8","multi","D12 1","Auditory 4","Auditory multi D12 737665 738349",3005,FALSE,1,1
"73","D12_TT_Coded.eaf","D12","Auditory",2,9,7,3,FALSE,742700,751783,"Ga2 Tu9 Ta7 {8 7 *3*} Ch3",754094,2,"Director",1,"T1",744033,746349,2316,"Visual",744033,746349,2316,"x","Auditory D12 2 9","multi","D12 2","Auditory 7","Auditory multi D12 744033 746349",7750,FALSE,1,1
"74","D12_TT_Coded.eaf","D12","Auditory",2,10,3,3,TRUE,754094,759126,"Ga2 Tu10 Ta3 {4 5 *3*} Ch3",759871,1,"Director",1,"T1",755462,758638,3176,"Acoustic",755462,758638,3176,"x","Auditory D12 2 10","multi","D12 1","Auditory 3","Auditory multi D12 755462 758638",3664,FALSE,1,1
"75","D12_TT_Coded.eaf","D12","Visual",1,3,8,8,TRUE,1467484,1480131,"Ga1 Tu3 Ta8 {5 *8* 3} Ch8",1478103,2,"Director",1,"T1",1469263,1475438,6175,"Visual",1469263,1475438,6175,"x","Visual D12 1 3","multi","D12 2","Visual 8","Visual multi D12 1469263 1475438",10868,FALSE,0,0
"76","D12_TT_Coded.eaf","D12","Visual",1,4,5,7,FALSE,1478103,1486839,"Ga1 Tu4 Ta5 {*7* 5 6} Ch7",1488411,1,"Director",1,"T1",1482192,1486314,4122,"Visual",1482192,1486314,4122,"x","Visual D12 1 4","multi","D12 1","Visual 5","Visual multi D12 1482192 1486314",4647,FALSE,0,0
"77","D12_TT_Coded.eaf","D12","Visual",1,5,4,4,TRUE,1488411,1501690,"Ga1 Tu5 Ta4 {*4* 7 1} Ch4",1503335,2,"Director",1,"T1",1489403,1493508,4105,"Visual",1489403,1493508,4105,"x","Visual D12 1 5","multi","D12 2","Visual 4","Visual multi D12 1489403 1493508",12287,TRUE,1,2
"78","D12_TT_Coded.eaf","D12","Visual",1,5,4,4,TRUE,1488411,1501690,"Ga1 Tu5 Ta4 {*4* 7 1} Ch4",1503335,1,"Matcher",1,"T2",1495551,1496885,1334,"Visual",1495551,1496885,1334,"x","Visual D12 1 5","multi","D12 1","Visual 4","Visual multi D12 1495551 1496885",12287,TRUE,1,2
"79","D12_TT_Coded.eaf","D12","Visual",1,5,4,4,TRUE,1488411,1501690,"Ga1 Tu5 Ta4 {*4* 7 1} Ch4",1503335,1,"Matcher",1,"T2",1495551,1496885,1334,"Acoustic",1495770,1496121,351,"x","Visual D12 1 5","multi","D12 1","Visual 4","Visual multi D12 1495551 1496885",12287,TRUE,1,2
"80","D12_TT_Coded.eaf","D12","Visual",1,5,4,4,TRUE,1488411,1501690,"Ga1 Tu5 Ta4 {*4* 7 1} Ch4",1503335,2,"Director",2,"T3",1497480,1500726,3246,"Visual",1497480,1500726,3246,"x","Visual D12 1 5","multi","D12 2","Visual 4","Visual multi D12 1497480 1500726",12287,TRUE,1,2
"81","D12_TT_Coded.eaf","D12","Visual",1,6,6,6,TRUE,1503335,1510246,"Ga1 Tu6 Ta6 {2 *6* 8} Ch6",1511426,1,"Director",1,"T1",1503462,1506322,2860,"Visual",1503462,1506322,2860,"x","Visual D12 1 6","multi","D12 1","Visual 6","Visual multi D12 1503462 1506322",6784,FALSE,1,2
"82","D12_TT_Coded.eaf","D12","Visual",1,7,2,2,TRUE,1511426,1516698,"Ga1 Tu7 Ta2 {*2* 1 4} Ch2",1515742,2,"Director",1,"T1",1511234,1513971,2737,"Visual",1511234,1513971,2737,"x","Visual D12 1 7","multi","D12 2","Visual 2","Visual multi D12 1511234 1513971",5464,FALSE,1,2
"83","D12_TT_Coded.eaf","D12","Visual",1,8,1,7,FALSE,1515742,1526454,"Ga1 Tu8 Ta1 {1 *7* 2} Ch7",1526521,1,"Director",1,"T1",1518420,1524823,6403,"Visual",1518420,1524823,6403,"x","Visual D12 1 8","multi","D12 1","Visual 1","Visual multi D12 1518420 1524823",8034,FALSE,1,2
"84","D12_TT_Coded.eaf","D12","Visual",2,13,5,3,FALSE,1692387,1699490,"Ga2 Tu13 Ta5 {2 *3* 5} Ch3",1699737,2,"Director",1,"T1",1693596,1696982,3386,"Visual",1693596,1696982,3386,"x","Visual D12 2 13","multi","D12 2","Visual 5","Visual multi D12 1693596 1696982",5894,FALSE,1,2
"85","D12_TT_Coded.eaf","D12","Visual",2,14,7,7,TRUE,1699737,1706209,"Ga2 Tu14 Ta7 {*7* 2 3} Ch7",1707122,1,"Director",1,"T1",1703034,1705631,2597,"Visual",1703034,1705631,2597,"x","Visual D12 2 14","multi","D12 1","Visual 7","Visual multi D12 1703034 1705631",3175,FALSE,1,2
"86","D12_TT_Coded.eaf","D12","Visual",2,15,1,1,TRUE,1707122,1712578,"Ga2 Tu15 Ta1 {6 4 *1*} Ch1",1716112,2,"Director",1,"T1",1707937,1711884,3947,"Visual",1707937,1711884,3947,"x","Visual D12 2 15","multi","D12 2","Visual 1","Visual multi D12 1707937 1711884",4641,FALSE,1,2
"87","D12_TT_Coded.eaf","D12","Visual",3,0,3,3,TRUE,1716112,1721912,"Ga3 Tu0 Ta3 {4 5 *3*} Ch3",1721714,1,"Director",1,"T1",1717367,1720560,3193,"Visual",1717367,1720560,3193,"x","Visual D12 3 0","multi","D12 1","Visual 3","Visual multi D12 1717367 1720560",4545,FALSE,1,2
"88","D12_TT_Coded.eaf","D12","Visual",3,1,8,5,FALSE,1721714,1733809,"Ga3 Tu1 Ta8 {*5* 8 3} Ch5",1739120,2,"Director",1,"T1",1724638,1728849,4211,"Visual",1724638,1728849,4211,"x","Visual D12 3 1","multi","D12 2","Visual 8","Visual multi D12 1724638 1728849",9171,FALSE,1,2
"89","D12_TT_Coded.eaf","D12","Visual",3,2,4,4,TRUE,1739120,1747135,"Ga3 Tu2 Ta4 {6 5 *4*} Ch4",1745673,1,"Director",1,"T1",1736385,1743981,7596,"Visual",1736385,1743981,7596,"x","Visual D12 3 2","multi","D12 1","Visual 4","Visual multi D12 1736385 1743981",10750,FALSE,1,2
"90","D12_TT_Coded.eaf","D12","Visual",3,3,7,7,TRUE,1745673,1753248,"Ga3 Tu3 Ta7 {8 *7* 3} Ch7",1752616,2,"Director",1,"T1",1749209,1751262,2053,"Visual",1749209,1751262,2053,"x","Visual D12 3 3","multi","D12 2","Visual 7","Visual multi D12 1749209 1751262",4039,FALSE,1,2
"91","D12_TT_Coded.eaf","D12","Visual",3,4,6,6,TRUE,1752616,1757199,"Ga3 Tu4 Ta6 {2 *6* 8} Ch6",1757593,1,"Director",1,"T1",1755068,1756156,1088,"Visual",1755068,1756156,1088,"x","Visual D12 3 4","multi","D12 1","Visual 6","Visual multi D12 1755068 1756156",2131,FALSE,1,2
"92","D12_TT_Coded.eaf","D12","Visual",3,5,2,2,TRUE,1757593,1762264,"Ga3 Tu5 Ta2 {*2* 1 4} Ch2",1762391,2,"Director",1,"T1",1758252,1761042,2790,"Visual",1758252,1761042,2790,"x","Visual D12 3 5","multi","D12 2","Visual 2","Visual multi D12 1758252 1761042",4012,FALSE,1,2
"93","D12_TT_Coded.eaf","D12","Visual",3,6,8,8,TRUE,1762391,1768455,"Ga3 Tu6 Ta8 {1 *8* 6} Ch8",1768784,1,"Director",1,"T1",1763796,1767059,3263,"Visual",1763796,1767059,3263,"x","Visual D12 3 6","multi","D12 1","Visual 8","Visual multi D12 1763796 1767059",4659,FALSE,1,2
"94","D12_TT_Coded.eaf","D12","Visual",3,7,3,3,TRUE,1768784,1777959,"Ga3 Tu7 Ta3 {8 *3* 4} Ch3",1775383,2,"Director",1,"T1",1770260,1773874,3614,"Visual",1770260,1773874,3614,"x","Visual D12 3 7","multi","D12 2","Visual 3","Visual multi D12 1770260 1773874",7699,TRUE,2,3
"95","D12_TT_Coded.eaf","D12","Visual",3,7,3,3,TRUE,1768784,1777959,"Ga3 Tu7 Ta3 {8 *3* 4} Ch3",1775383,1,"Matcher",1,"T2",1772093,1772777,684,"Visual",1772093,1772777,684,"x","Visual D12 3 7","multi","D12 1","Visual 3","Visual multi D12 1772093 1772777",7699,TRUE,2,3
"97","D13_TT_Coded.eaf","D13","Visual",0,5,4,7,FALSE,105603,133298,"Ga0 Tu5 Ta4 {4 *7* 1} Ch7",135509,2,"Director",1,"T1",128610,129290,680,"Acoustic",128610,129290,680,"x","Visual D13 0 5","vocal","D13 2","Visual 4","Visual vocal D13 128610 129290",4688,FALSE,0,0
"98","D13_TT_Coded.eaf","D13","Visual",1,0,8,8,TRUE,284247,293550,"Ga1 Tu0 Ta8 {1 *8* 6} Ch8",294071,1,"Director",1,"T1",289910,292520,2610,"Acoustic",289910,292520,2610,"x","Visual D13 1 0","vocal","D13 1","Visual 8","Visual vocal D13 289910 292520",3640,FALSE,0,0
"99","D13_TT_Coded.eaf","D13","Visual",1,1,6,7,FALSE,294071,310791,"Ga1 Tu1 Ta6 {6 *7* 8} Ch7",312214,2,"Director",1,"T1",300920,304020,3100,"Acoustic",300920,304020,3100,"x","Visual D13 1 1","vocal","D13 2","Visual 6","Visual vocal D13 300920 304020",9871,FALSE,0,0
"100","D13_TT_Coded.eaf","D13","Visual",1,2,5,5,TRUE,312214,330621,"Ga1 Tu2 Ta5 {7 *5* 6} Ch5",331542,1,"Director",1,"T1",315615,323915,8300,"Acoustic",315610,318600,2990,"x","Visual D13 1 2","vocal","D13 1","Visual 5","Visual vocal D13 315615 323915",15006,FALSE,0,0
"101","D13_TT_Coded.eaf","D13","Visual",1,2,5,5,TRUE,312214,330621,"Ga1 Tu2 Ta5 {7 *5* 6} Ch5",331542,1,"Director",1,"T1",315615,323915,8300,"Acoustic",321890,323910,2020,"x","Visual D13 1 2","vocal","D13 1","Visual 5","Visual vocal D13 315615 323915",15006,FALSE,0,0
"102","D13_TT_Coded.eaf","D13","Visual",1,3,4,1,FALSE,331542,347565,"Ga1 Tu3 Ta4 {4 7 *1*} Ch1",348692,2,"Director",1,"T1",343120,346080,2960,"Acoustic",343120,346080,2960,"x","Visual D13 1 3","vocal","D13 2","Visual 4","Visual vocal D13 343120 346080",4445,FALSE,0,0
"103","D13_TT_Coded.eaf","D13","Visual",2,8,2,2,TRUE,486646,491815,"Ga2 Tu8 Ta2 {5 1 *2*} Ch2",491962,1,"Director",1,"T1",486500,491060,4560,"Acoustic",486500,491060,4560,"x","Visual D13 2 8","vocal","D13 1","Visual 2","Visual vocal D13 486500 491060",5315,FALSE,0,0
"104","D13_TT_Coded.eaf","D13","Visual",2,9,6,6,TRUE,491962,501370,"Ga2 Tu9 Ta6 {*6* 7 8} Ch6",502126,2,"Director",1,"T1",494200,497580,3380,"Acoustic",494200,497580,3380,"x","Visual D13 2 9","vocal","D13 2","Visual 6","Visual vocal D13 494200 497580",7170,FALSE,0,0
"105","D13_TT_Coded.eaf","D13","Visual",2,10,5,7,FALSE,502126,507702,"Ga2 Tu10 Ta5 {*7* 5 6} Ch7",508650,1,"Director",1,"T1",503585,504385,800,"Acoustic",503585,504385,800,"x","Visual D13 2 10","vocal","D13 1","Visual 5","Visual vocal D13 503585 504385",4117,FALSE,0,0
"106","D13_TT_Coded.eaf","D13","Visual",2,11,4,4,TRUE,508650,514170,"Ga2 Tu11 Ta4 {*4* 7 1} Ch4",515301,2,"Director",1,"T1",509990,512660,2670,"Acoustic",509990,512660,2670,"x","Visual D13 2 11","vocal","D13 2","Visual 4","Visual vocal D13 509990 512660",4180,FALSE,0,0
"107","D13_TT_Coded.eaf","D13","Visual",2,12,1,1,TRUE,515301,519717,"Ga2 Tu12 Ta1 {*1* 7 2} Ch1",520714,1,"Director",1,"T1",516420,519750,3330,"Acoustic",516420,519750,3330,"x","Visual D13 2 12","vocal","D13 1","Visual 1","Visual vocal D13 516420 519750",3297,FALSE,0,0
"108","D13_TT_Coded.eaf","D13","Visual",2,13,5,5,TRUE,520714,524514,"Ga2 Tu13 Ta5 {2 3 *5*} Ch5",525821,2,"Director",1,"T1",522210,523730,1520,"Acoustic",522210,523730,1520,"x","Visual D13 2 13","vocal","D13 2","Visual 5","Visual vocal D13 522210 523730",2304,FALSE,0,0
"109","D13_TT_Coded.eaf","D13","Visual",2,14,7,7,TRUE,525821,532589,"Ga2 Tu14 Ta7 {*7* 2 3} Ch7",533217,1,"Director",1,"T1",528740,530210,1470,"Acoustic",528740,530210,1470,"x","Visual D13 2 14","vocal","D13 1","Visual 7","Visual vocal D13 528740 530210",3849,FALSE,0,0
"110","D13_TT_Coded.eaf","D13","Visual",2,15,1,1,TRUE,533217,541202,"Ga2 Tu15 Ta1 {6 4 *1*} Ch1",545964,2,"Director",1,"T1",534100,535450,1350,"Acoustic",534100,535450,1350,"x","Visual D13 2 15","vocal","D13 2","Visual 1","Visual vocal D13 534100 535450",7102,FALSE,0,0
"111","D13_TT_Coded.eaf","D13","Auditory",0,1,1,1,TRUE,771150,783662,"Ga0 Tu1 Ta1 {6 4 *1*} Ch1",785173,2,"Director",1,"T1",775120,777090,1970,"Acoustic",775120,777090,1970,"x","Auditory D13 0 1","vocal","D13 2","Auditory 1","Auditory vocal D13 775120 777090",8542,FALSE,0,0
"112","D13_TT_Coded.eaf","D13","Auditory",0,2,3,3,TRUE,785173,809443,"Ga0 Tu2 Ta3 {4 5 *3*} Ch3",810837,1,"Director",1,"T1",795520,800450,4930,"Acoustic",795520,800450,4930,"x","Auditory D13 0 2","vocal","D13 1","Auditory 3","Auditory vocal D13 795520 800450",13923,FALSE,0,0
"113","D13_TT_Coded.eaf","D13","Auditory",0,3,8,8,TRUE,810837,824541,"Ga0 Tu3 Ta8 {5 *8* 3} Ch8",826291,2,"Director",1,"T1",817025,819635,2610,"Acoustic",817025,819635,2610,"x","Auditory D13 0 3","vocal","D13 2","Auditory 8","Auditory vocal D13 817025 819635",7516,FALSE,0,0
"114","D13_TT_Coded.eaf","D13","Auditory",0,4,5,5,TRUE,826291,836667,"Ga0 Tu4 Ta5 {7 *5* 6} Ch5",837700,1,"Director",1,"T1",830225,830995,770,"Acoustic",830225,830995,770,"x","Auditory D13 0 4","vocal","D13 1","Auditory 5","Auditory vocal D13 830225 830995",6442,FALSE,0,0
"115","D13_TT_Coded.eaf","D13","Auditory",1,1,6,6,TRUE,1015912,1027120,"Ga1 Tu1 Ta6 {*6* 7 8} Ch6",1028219,2,"Director",1,"T1",1019980,1022510,2530,"Acoustic",1019980,1022510,2530,"x","Auditory D13 1 1","vocal","D13 2","Auditory 6","Auditory vocal D13 1019980 1022510",7140,FALSE,0,0
"116","D13_TT_Coded.eaf","D13","Auditory",1,2,5,5,TRUE,1028219,1039283,"Ga1 Tu2 Ta5 {7 *5* 6} Ch5",1039968,1,"Director",1,"T1",1033720,1035240,1520,"Acoustic",1033720,1035240,1520,"x","Auditory D13 1 2","vocal","D13 1","Auditory 5","Auditory vocal D13 1033720 1035240",5563,FALSE,0,0
"117","D13_TT_Coded.eaf","D13","Auditory",1,3,4,4,TRUE,1039968,1047440,"Ga1 Tu3 Ta4 {*4* 7 1} Ch4",1048523,2,"Director",1,"T1",1043400,1044030,630,"Acoustic",1043400,1044030,630,"x","Auditory D13 1 3","vocal","D13 2","Auditory 4","Auditory vocal D13 1043400 1044030",4040,FALSE,0,0
"118","D13_TT_Coded.eaf","D13","Auditory",3,10,4,5,FALSE,1501232,1505528,"Ga3 Tu10 Ta4 {6 *5* 4} Ch5",1507134,1,"Director",1,"T1",1501820,1502380,560,"Acoustic",1501820,1502380,560,"x","Auditory D13 3 10","vocal","D13 1","Auditory 4","Auditory vocal D13 1501820 1502380",3708,FALSE,0,0
"119","D13_TT_Coded.eaf","D13","Auditory",3,11,7,7,TRUE,1507134,1516302,"Ga3 Tu11 Ta7 {8 *7* 3} Ch7",1517920,2,"Director",1,"T1",1510280,1512590,2310,"Acoustic",1510280,1512590,2310,"x","Auditory D13 3 11","vocal","D13 2","Auditory 7","Auditory vocal D13 1510280 1512590",6022,FALSE,0,0
"120","D13_TT_Coded.eaf","D13","Auditory",3,12,8,8,TRUE,1517920,1524615,"Ga3 Tu12 Ta8 {1 *8* 6} Ch8",1525086,1,"Director",1,"T1",1520440,1522560,2120,"Acoustic",1520440,1522560,2120,"x","Auditory D13 3 12","vocal","D13 1","Auditory 8","Auditory vocal D13 1520440 1522560",4175,FALSE,0,0
"121","D13_TT_Coded.eaf","D13","Auditory",3,13,6,6,TRUE,1525086,1535429,"Ga3 Tu13 Ta6 {*6* 7 8} Ch6",1536271,2,"Director",1,"T1",1529855,1533205,3350,"Acoustic",1529855,1533205,3350,"x","Auditory D13 3 13","vocal","D13 2","Auditory 6","Auditory vocal D13 1529855 1533205",5574,FALSE,0,0
"122","D13_TT_Coded.eaf","D13","Auditory",3,14,1,1,TRUE,1536271,1540759,"Ga3 Tu14 Ta1 {*1* 7 2} Ch1",1541541,1,"Director",1,"T1",1537590,1539530,1940,"Acoustic",1537590,1539530,1940,"x","Auditory D13 3 14","vocal","D13 1","Auditory 1","Auditory vocal D13 1537590 1539530",3169,FALSE,0,0
"123","D13_TT_Coded.eaf","D13","Auditory",3,15,5,5,TRUE,1541541,1547429,"Ga3 Tu15 Ta5 {2 3 *5*} Ch5",1547429,2,"Director",1,"T1",1543690,1544290,600,"Acoustic",1543690,1544290,600,"x","Auditory D13 3 15","vocal","D13 2","Auditory 5","Auditory vocal D13 1543690 1544290",3739,FALSE,0,0
"124","D14_TT_Coded.eaf","D14","Auditory",0,6,6,2,FALSE,192244,234747,"Ga0 Tu6 Ta6 {*2* 6 8} Ch2",235453,1,"Director",1,"T1",198000,203220,5220,"Visual",198000,203220,5220,"x","Auditory D14 0 6","visual","D14 1","Auditory 6","Auditory visual D14 198000 203220",36747,TRUE,1,2
"125","D14_TT_Coded.eaf","D14","Auditory",0,6,6,2,FALSE,192244,234747,"Ga0 Tu6 Ta6 {*2* 6 8} Ch2",235453,2,"Matcher",1,"T2",217840,218980,1140,"Visual",217840,218980,1140,"x","Auditory D14 0 6","visual","D14 2","Auditory 6","Auditory visual D14 217840 218980",36747,TRUE,1,2
"126","D14_TT_Coded.eaf","D14","Auditory",0,6,6,2,FALSE,192244,234747,"Ga0 Tu6 Ta6 {*2* 6 8} Ch2",235453,1,"Director",2,"T3",219425,225035,5610,"Visual",219410,225030,5620,"x","Auditory D14 0 6","visual","D14 1","Auditory 6","Auditory visual D14 219425 225035",36747,TRUE,1,2
"127","D14_TT_Coded.eaf","D14","Auditory",0,7,2,2,TRUE,235453,252044,"Ga0 Tu7 Ta2 {*2* 1 4} Ch2",253547,2,"Director",1,"T1",242020,245810,3790,"Visual",242020,245810,3790,"x","Auditory D14 0 7","visual","D14 2","Auditory 2","Auditory visual D14 242020 245810",10024,FALSE,1,2
"128","D14_TT_Coded.eaf","D14","Auditory",1,0,8,8,TRUE,448238,454829,"Ga1 Tu0 Ta8 {1 *8* 6} Ch8",453311,1,"Director",1,"T1",449920,451370,1450,"Visual",449920,451370,1450,"x","Auditory D14 1 0","visual","D14 1","Auditory 8","Auditory visual D14 449920 451370",4909,FALSE,1,2
"129","D14_TT_Coded.eaf","D14","Auditory",1,1,6,6,TRUE,453311,467598,"Ga1 Tu1 Ta6 {*6* 7 8} Ch6",468982,2,"Director",1,"T1",460310,462480,2170,"Visual",460310,462480,2170,"x","Auditory D14 1 1","visual","D14 2","Auditory 6","Auditory visual D14 460310 462480",7288,FALSE,1,2
"130","D14_TT_Coded.eaf","D14","Auditory",1,2,5,5,TRUE,468982,483133,"Ga1 Tu2 Ta5 {7 *5* 6} Ch5",487854,1,"Director",1,"T1",473160,475850,2690,"Visual",473160,475850,2690,"x","Auditory D14 1 2","visual","D14 1","Auditory 5","Auditory visual D14 473160 475850",9973,FALSE,1,2
"131","D14_TT_Coded.eaf","D14","Auditory",1,3,4,4,TRUE,487854,492157,"Ga1 Tu3 Ta4 {*4* 7 1} Ch4",493940,2,"Director",1,"T1",487970,489310,1340,"Visual",487970,489310,1340,"x","Auditory D14 1 3","visual","D14 2","Auditory 4","Auditory visual D14 487970 489310",4187,FALSE,1,2
"132","D14_TT_Coded.eaf","D14","Auditory",1,4,2,2,TRUE,493940,511348,"Ga1 Tu4 Ta2 {5 1 *2*} Ch2",510725,1,"Director",1,"T1",499545,502555,3010,"Visual",499545,502555,3010,"x","Auditory D14 1 4","visual","D14 1","Auditory 2","Auditory visual D14 499545 502555",11803,FALSE,1,2
"133","D14_TT_Coded.eaf","D14","Auditory",1,5,3,3,TRUE,510725,526476,"Ga1 Tu5 Ta3 {8 *3* 4} Ch3",528260,2,"Director",1,"T1",519680,522570,2890,"Visual",519680,522570,2890,"x","Auditory D14 1 5","visual","D14 2","Auditory 3","Auditory visual D14 519680 522570",6796,FALSE,1,2
"134","D14_TT_Coded.eaf","D14","Auditory",2,14,7,7,TRUE,914474,931825,"Ga2 Tu14 Ta7 {*7* 2 3} Ch7",931583,1,"Director",1,"T1",920740,925010,4270,"Visual",920740,925010,4270,"x","Auditory D14 2 14","visual","D14 1","Auditory 7","Auditory visual D14 920740 925010",11085,FALSE,1,2
"135","D14_TT_Coded.eaf","D14","Auditory",2,15,1,1,TRUE,931583,941791,"Ga2 Tu15 Ta1 {6 4 *1*} Ch1",949100,2,"Director",1,"T1",935880,937790,1910,"Visual",935880,937790,1910,"x","Auditory D14 2 15","visual","D14 2","Auditory 1","Auditory visual D14 935880 937790",5911,FALSE,1,2
"136","D14_TT_Coded.eaf","D14","Visual",0,4,5,7,FALSE,1436496,1448415,"Ga0 Tu4 Ta5 {*7* 5 6} Ch7",1448962,1,"Director",1,"T1",1437670,1441160,3490,"Visual",1437670,1441160,3490,"x","Visual D14 0 4","visual","D14 1","Visual 5","Visual visual D14 1437670 1441160",10745,FALSE,0,0
"137","D14_TT_Coded.eaf","D14","Visual",0,5,4,4,TRUE,1448962,1476610,"Ga0 Tu5 Ta4 {*4* 7 1} Ch4",1478967,2,"Director",1,"T1",1452290,1457540,5250,"Visual",1452290,1457540,5250,"x","Visual D14 0 5","visual","D14 2","Visual 4","Visual visual D14 1452290 1457540",24320,TRUE,1,1
"138","D14_TT_Coded.eaf","D14","Visual",0,5,4,4,TRUE,1448962,1476610,"Ga0 Tu5 Ta4 {*4* 7 1} Ch4",1478967,1,"Matcher",1,"T2",1470270,1474570,4300,"Visual",1470270,1474570,4300,"x","Visual D14 0 5","visual","D14 1","Visual 4","Visual visual D14 1470270 1474570",24320,TRUE,1,1
"139","D14_TT_Coded.eaf","D14","Visual",2,2,4,4,TRUE,2010154,2015921,"Ga2 Tu2 Ta4 {6 5 *4*} Ch4",2015498,1,"Director",1,"T1",2010180,2011280,1100,"Visual",2010180,2011280,1100,"x","Visual D14 2 2","visual","D14 1","Visual 4","Visual visual D14 2010180 2011280",5741,FALSE,1,1
"140","D14_TT_Coded.eaf","D14","Visual",2,3,7,7,TRUE,2015498,2027144,"Ga2 Tu3 Ta7 {8 *7* 3} Ch7",2029745,2,"Director",1,"T1",2017370,2024480,7110,"Visual",2017370,2024480,7110,"x","Visual D14 2 3","visual","D14 2","Visual 7","Visual visual D14 2017370 2024480",9774,FALSE,1,1
"141","D14_TT_Coded.eaf","D14","Visual",2,4,6,6,TRUE,2029745,2046849,"Ga2 Tu4 Ta6 {2 *6* 8} Ch6",2048983,1,"Director",1,"T1",2028910,2031810,2900,"Visual",2028910,2031810,2900,"x","Visual D14 2 4","visual","D14 1","Visual 6","Visual visual D14 2028910 2031810",17939,TRUE,2,3
"142","D14_TT_Coded.eaf","D14","Visual",2,4,6,6,TRUE,2029745,2046849,"Ga2 Tu4 Ta6 {2 *6* 8} Ch6",2048983,2,"Matcher",1,"T2",2036605,2043265,6660,"Visual",2036605,2043265,6660,"x","Visual D14 2 4","visual","D14 2","Visual 6","Visual visual D14 2036605 2043265",17939,TRUE,2,3
"143","D14_TT_Coded.eaf","D14","Visual",2,4,6,6,TRUE,2029745,2046849,"Ga2 Tu4 Ta6 {2 *6* 8} Ch6",2048983,1,"Director",2,"T3",2043080,2044880,1800,"Visual",2043080,2044880,1800,"x","Visual D14 2 4","visual","D14 1","Visual 6","Visual visual D14 2043080 2044880",17939,TRUE,2,3
"144","D14_TT_Coded.eaf","D14","Visual",2,5,2,2,TRUE,2048983,2054064,"Ga2 Tu5 Ta2 {*2* 1 4} Ch2",2055320,2,"Director",1,"T1",2048300,2050640,2340,"Visual",2048300,2050640,2340,"x","Visual D14 2 5","visual","D14 2","Visual 2","Visual visual D14 2048300 2050640",5764,FALSE,2,3
"145","D14_TT_Coded.eaf","D14","Visual",2,6,8,8,TRUE,2055320,2063776,"Ga2 Tu6 Ta8 {1 *8* 6} Ch8",2064439,1,"Director",1,"T1",2056125,2059495,3370,"Visual",2056125,2059495,3370,"x","Visual D14 2 6","visual","D14 1","Visual 8","Visual visual D14 2056125 2059495",7651,FALSE,2,3
"146","D14_TT_Coded.eaf","D14","Visual",2,7,3,3,TRUE,2064439,2076495,"Ga2 Tu7 Ta3 {8 *3* 4} Ch3",2078792,2,"Director",1,"T1",2067585,2071845,4260,"Visual",2067585,2071845,4260,"x","Visual D14 2 7","visual","D14 2","Visual 3","Visual visual D14 2067585 2071845",8910,FALSE,2,3
"147","D14_TT_Coded.eaf","D14","Visual",3,5,4,4,TRUE,2255521,2260234,"Ga3 Tu5 Ta4 {*4* 7 1} Ch4",2263931,2,"Director",1,"T1",2256410,2257180,770,"Visual",2256410,2257180,770,"x","Visual D14 3 5","visual","D14 2","Visual 4","Visual visual D14 2256410 2257180",3824,FALSE,2,3
"148","D14_TT_Coded.eaf","D14","Visual",3,6,3,3,TRUE,2263931,2269211,"Ga3 Tu6 Ta3 {4 5 *3*} Ch3",2269729,1,"Director",1,"T1",2261980,2264170,2190,"Visual",2261980,2264170,2190,"x","Visual D14 3 6","visual","D14 1","Visual 3","Visual visual D14 2261980 2264170",7231,FALSE,2,3
"149","D14_TT_Coded.eaf","D14","Visual",3,7,8,8,TRUE,2269729,2280617,"Ga3 Tu7 Ta8 {5 *8* 3} Ch8",2282658,2,"Director",1,"T1",2271909,2277489,5580,"Visual",2271909,2277489,5580,"x","Visual D14 3 7","visual","D14 2","Visual 8","Visual visual D14 2271909 2277489",8708,FALSE,2,3
"150","D14_TT_Coded.eaf","D14","Visual",3,8,6,6,TRUE,2282658,2289819,"Ga3 Tu8 Ta6 {2 *6* 8} Ch6",2289977,1,"Director",1,"T1",2283194,2286584,3390,"Visual",2283194,2286584,3390,"x","Visual D14 3 8","visual","D14 1","Visual 6","Visual visual D14 2283194 2286584",6625,FALSE,2,3
"151","D14_TT_Coded.eaf","D14","Visual",3,9,2,2,TRUE,2289977,2295904,"Ga3 Tu9 Ta2 {*2* 1 4} Ch2",2298106,2,"Director",1,"T1",2291310,2294180,2870,"Visual",2291310,2294180,2870,"x","Visual D14 3 9","visual","D14 2","Visual 2","Visual visual D14 2291310 2294180",4594,FALSE,2,3
"152","D14_TT_Coded.eaf","D14","Visual",3,10,4,4,TRUE,2298106,2303530,"Ga3 Tu10 Ta4 {6 5 *4*} Ch4",2304320,1,"Director",1,"T1",2298540,2299390,850,"Visual",2298540,2299390,850,"x","Visual D14 3 10","visual","D14 1","Visual 4","Visual visual D14 2298540 2299390",4990,FALSE,2,3
"153","D14_TT_Coded.eaf","D14","Visual",3,11,7,7,TRUE,2304320,2340950,"Ga3 Tu11 Ta7 {8 *7* 3} Ch7",2343138,2,"Director",1,"T1",2306510,2312610,6100,"Visual",2306510,2312610,6100,"x","Visual D14 3 11","visual","D14 2","Visual 7","Visual visual D14 2306510 2312610",34440,TRUE,3,5
"154","D14_TT_Coded.eaf","D14","Visual",3,11,7,7,TRUE,2304320,2340950,"Ga3 Tu11 Ta7 {8 *7* 3} Ch7",2343138,1,"Matcher",1,"T2",2321600,2329720,8120,"Visual",2321595,2324445,2850,"x","Visual D14 3 11","visual","D14 1","Visual 7","Visual visual D14 2321600 2329720",34440,TRUE,3,5
"155","D14_TT_Coded.eaf","D14","Visual",3,11,7,7,TRUE,2304320,2340950,"Ga3 Tu11 Ta7 {8 *7* 3} Ch7",2343138,1,"Matcher",1,"T2",2321600,2329720,8120,"Visual",2325395,2329725,4330,"x","Visual D14 3 11","visual","D14 1","Visual 7","Visual visual D14 2321600 2329720",34440,TRUE,3,5
"156","D14_TT_Coded.eaf","D14","Visual",3,11,7,7,TRUE,2304320,2340950,"Ga3 Tu11 Ta7 {8 *7* 3} Ch7",2343138,2,"Director",2,"T3",2331010,2333700,2690,"Visual",2331010,2333700,2690,"x","Visual D14 3 11","visual","D14 2","Visual 7","Visual visual D14 2331010 2333700",34440,TRUE,3,5
"157","D16_TT_Coded.eaf","D16","Auditory",0,10,2,1,FALSE,466909,501594,"Ga0 Tu10 Ta2 {5 *1* 2} Ch1",503744,1,"Director",1,"T1",484610,487440,2830,"Acoustic",484610,487440,2830,"x","Auditory D16 0 10","vocal","D16 1","Auditory 2","Auditory vocal D16 484610 487440",16984,FALSE,0,0
"158","D16_TT_Coded.eaf","D16","Auditory",0,11,3,8,FALSE,503744,529719,"Ga0 Tu11 Ta3 {*8* 3 4} Ch8",533318,2,"Director",1,"T1",513120,516720,3600,"Acoustic",513120,516720,3600,"x","Auditory D16 0 11","vocal","D16 2","Auditory 3","Auditory vocal D16 513120 516720",16599,FALSE,0,0
"159","D16_TT_Coded.eaf","D16","Auditory",0,12,8,8,TRUE,533318,551146,"Ga0 Tu12 Ta8 {1 *8* 6} Ch8",553470,1,"Director",1,"T1",546580,548820,2240,"Acoustic",546580,548820,2240,"x","Auditory D16 0 12","vocal","D16 1","Auditory 8","Auditory vocal D16 546580 548820",4566,FALSE,0,0
"160","D16_TT_Coded.eaf","D16","Auditory",0,13,6,8,FALSE,553470,564533,"Ga0 Tu13 Ta6 {6 7 *8*} Ch8",569372,2,"Director",1,"T1",558285,561055,2770,"Acoustic",558285,561055,2770,"x","Auditory D16 0 13","vocal","D16 2","Auditory 6","Auditory vocal D16 558285 561055",6248,FALSE,0,0
"161","D16_TT_Coded.eaf","D16","Auditory",2,9,6,6,TRUE,1128357,1147956,"Ga2 Tu9 Ta6 {*6* 7 8} Ch6",1149177,2,"Director",1,"T1",1131410,1134790,3380,"Acoustic",1131410,1134790,3380,"x","Auditory D16 2 9","vocal","D16 2","Auditory 6","Auditory vocal D16 1131410 1134790",16546,FALSE,0,0
"162","D16_TT_Coded.eaf","D16","Auditory",2,10,5,5,TRUE,1149177,1158150,"Ga2 Tu10 Ta5 {7 *5* 6} Ch5",1161163,1,"Director",1,"T1",1152190,1152700,510,"Acoustic",1152190,1152700,510,"x","Auditory D16 2 10","vocal","D16 1","Auditory 5","Auditory vocal D16 1152190 1152700",5960,FALSE,0,0
"163","D16_TT_Coded.eaf","D16","Auditory",2,11,4,4,TRUE,1161163,1165723,"Ga2 Tu11 Ta4 {*4* 7 1} Ch4",1166935,2,"Director",1,"T1",1161100,1161500,400,"Acoustic",1161100,1161500,400,"x","Auditory D16 2 11","vocal","D16 2","Auditory 4","Auditory vocal D16 1161100 1161500",4623,FALSE,0,0
"164","D16_TT_Coded.eaf","D16","Auditory",2,12,1,1,TRUE,1166935,1179259,"Ga2 Tu12 Ta1 {*1* 7 2} Ch1",1180986,1,"Director",1,"T1",1171595,1173925,2330,"Acoustic",1171595,1173925,2330,"x","Auditory D16 2 12","vocal","D16 1","Auditory 1","Auditory vocal D16 1171595 1173925",7664,FALSE,0,0
"165","D16_TT_Coded.eaf","D16","Auditory",2,13,5,5,TRUE,1180986,1197258,"Ga2 Tu13 Ta5 {2 3 *5*} Ch5",1198693,2,"Director",1,"T1",1183385,1183885,500,"Acoustic",1183385,1183885,500,"x","Auditory D16 2 13","vocal","D16 2","Auditory 5","Auditory vocal D16 1183385 1183885",13873,FALSE,0,0
"166","D16_TT_Coded.eaf","D16","Auditory",2,14,7,7,TRUE,1198693,1211566,"Ga2 Tu14 Ta7 {*7* 2 3} Ch7",1216010,1,"Director",1,"T1",1204220,1207220,3000,"Acoustic",1204220,1207220,3000,"x","Auditory D16 2 14","vocal","D16 1","Auditory 7","Auditory vocal D16 1204220 1207220",7346,FALSE,0,0
"167","D16_TT_Coded.eaf","D16","Visual",2,0,7,7,TRUE,2227603,2239681,"Ga2 Tu0 Ta7 {*7* 2 3} Ch7",2240842,1,"Director",1,"T1",2235700,2239690,3990,"Acoustic",2235700,2239690,3990,"x","Visual D16 2 0","vocal","D16 1","Visual 7","Visual vocal D16 2235700 2239690",3981,FALSE,0,0
"168","D16_TT_Coded.eaf","D16","Visual",2,1,1,4,FALSE,2240842,2249193,"Ga2 Tu1 Ta1 {6 *4* 1} Ch4",2250450,2,"Director",1,"T1",2241510,2243400,1890,"Acoustic",2241510,2243400,1890,"x","Visual D16 2 1","vocal","D16 2","Visual 1","Visual vocal D16 2241510 2243400",7683,FALSE,0,0
"169","D16_TT_Coded.eaf","D16","Visual",2,2,3,3,TRUE,2250450,2254967,"Ga2 Tu2 Ta3 {4 5 *3*} Ch3",2256041,1,"Director",1,"T1",2252420,2254930,2510,"Acoustic",2252420,2254930,2510,"x","Visual D16 2 2","vocal","D16 1","Visual 3","Visual vocal D16 2252420 2254930",2547,FALSE,0,0
"170","D16_TT_Coded.eaf","D16","Visual",2,3,8,8,TRUE,2256041,2268608,"Ga2 Tu3 Ta8 {5 *8* 3} Ch8",2272214,2,"Director",1,"T1",2258960,2261810,2850,"Acoustic",2258960,2261810,2850,"x","Visual D16 2 3","vocal","D16 2","Visual 8","Visual vocal D16 2258960 2261810",9648,FALSE,0,0
"171","D16_TT_Coded.eaf","D16","Visual",2,4,5,7,FALSE,2272214,2281310,"Ga2 Tu4 Ta5 {*7* 5 6} Ch7",2282480,1,"Director",1,"T1",2271700,2274920,3220,"Acoustic",2271700,2274920,3220,"x","Visual D16 2 4","vocal","D16 1","Visual 5","Visual vocal D16 2271700 2274920",9610,FALSE,0,0
"172","D16_TT_Coded.eaf","D16","Visual",2,5,4,4,TRUE,2282480,2296255,"Ga2 Tu5 Ta4 {*4* 7 1} Ch4",2299165,2,"Director",1,"T1",2285265,2289815,4550,"Acoustic",2285265,2289815,4550,"x","Visual D16 2 5","vocal","D16 2","Visual 4","Visual vocal D16 2285265 2289815",10990,FALSE,0,0
"173","D16_TT_Coded.eaf","D16","Visual",3,6,6,8,FALSE,2474550,2478826,"Ga3 Tu6 Ta6 {2 6 *8*} Ch8",2480519,1,"Director",1,"T1",2473990,2477240,3250,"Acoustic",2473990,2477240,3250,"x","Visual D16 3 6","vocal","D16 1","Visual 6","Visual vocal D16 2473990 2477240",4836,FALSE,0,0
"174","D16_TT_Coded.eaf","D16","Visual",3,7,2,2,TRUE,2480519,2484031,"Ga3 Tu7 Ta2 {*2* 1 4} Ch2",2485476,2,"Director",1,"T1",2480500,2482290,1790,"Acoustic",2480500,2482290,1790,"x","Visual D16 3 7","vocal","D16 2","Visual 2","Visual vocal D16 2480500 2482290",3531,FALSE,0,0
"175","D16_TT_Coded.eaf","D16","Visual",3,8,4,5,FALSE,2485476,2495802,"Ga3 Tu8 Ta4 {6 *5* 4} Ch5",2497294,1,"Director",1,"T1",2488299,2491209,2910,"Acoustic",2488299,2491209,2910,"x","Visual D16 3 8","vocal","D16 1","Visual 4","Visual vocal D16 2488299 2491209",7503,FALSE,0,0
"176","D16_TT_Coded.eaf","D16","Visual",3,9,7,7,TRUE,2497294,2509614,"Ga3 Tu9 Ta7 {8 *7* 3} Ch7",2511126,2,"Director",1,"T1",2501659,2503199,1540,"Acoustic",2501659,2503199,1540,"x","Visual D16 3 9","vocal","D16 2","Visual 7","Visual vocal D16 2501659 2503199",7955,FALSE,0,0
"177","D16_TT_Coded.eaf","D16","Visual",3,10,3,3,TRUE,2511126,2516658,"Ga3 Tu10 Ta3 {4 5 *3*} Ch3",2518454,1,"Director",1,"T1",2513324,2516684,3360,"Acoustic",2513324,2516684,3360,"x","Visual D16 3 10","vocal","D16 1","Visual 3","Visual vocal D16 2513324 2516684",3334,FALSE,0,0
"178","D16_TT_Coded.eaf","D16","Visual",3,11,8,8,TRUE,2518454,2528725,"Ga3 Tu11 Ta8 {5 *8* 3} Ch8",2530870,2,"Director",1,"T1",2518800,2521810,3010,"Acoustic",2518800,2521810,3010,"x","Visual D16 3 11","vocal","D16 2","Visual 8","Visual vocal D16 2518800 2521810",9925,FALSE,0,0
"179","D17_TT_Coded.eaf","D17","Visual",0,0,3,3,TRUE,348980,360803,"Ga0 Tu0 Ta3 {4 5 *3*} Ch3",366650,1,"Director",1,"T1",353240,359600,6360,"Visual",353240,359600,6360,"x","Visual D17 0 0","visual","D17 1","Visual 3","Visual visual D17 353240 359600",7563,FALSE,0,0
"180","D17_TT_Coded.eaf","D17","Visual",0,1,8,5,FALSE,366650,392738,"Ga0 Tu1 Ta8 {*5* 8 3} Ch5",395642,2,"Director",1,"T1",370400,388840,18440,"Visual",370400,376880,6480,"x","Visual D17 0 1","visual","D17 2","Visual 8","Visual visual D17 370400 388840",22338,FALSE,0,0
"181","D17_TT_Coded.eaf","D17","Visual",0,1,8,5,FALSE,366650,392738,"Ga0 Tu1 Ta8 {*5* 8 3} Ch5",395642,2,"Director",1,"T1",370400,388840,18440,"Visual",385580,388840,3260,"x","Visual D17 0 1","visual","D17 2","Visual 8","Visual visual D17 370400 388840",22338,FALSE,0,0
"182","D17_TT_Coded.eaf","D17","Visual",0,2,4,4,TRUE,395642,420385,"Ga0 Tu2 Ta4 {6 5 *4*} Ch4",425489,1,"Director",1,"T1",398020,401100,3080,"Visual",398020,401100,3080,"x","Visual D17 0 2","visual","D17 1","Visual 4","Visual visual D17 398020 401100",22365,TRUE,1,2
"183","D17_TT_Coded.eaf","D17","Visual",0,2,4,4,TRUE,395642,420385,"Ga0 Tu2 Ta4 {6 5 *4*} Ch4",425489,2,"Matcher",1,"T2",404920,405420,500,"Visual",404920,405420,500,"x","Visual D17 0 2","visual","D17 2","Visual 4","Visual visual D17 404920 405420",22365,TRUE,1,2
"184","D17_TT_Coded.eaf","D17","Visual",0,2,4,4,TRUE,395642,420385,"Ga0 Tu2 Ta4 {6 5 *4*} Ch4",425489,1,"Director",2,"T3",406120,418400,12280,"Visual",406080,409660,3580,"x","Visual D17 0 2","visual","D17 1","Visual 4","Visual visual D17 406120 418400",22365,TRUE,1,2
"185","D17_TT_Coded.eaf","D17","Visual",0,2,4,4,TRUE,395642,420385,"Ga0 Tu2 Ta4 {6 5 *4*} Ch4",425489,1,"Director",2,"T3",406120,418400,12280,"Visual",413640,418400,4760,"x","Visual D17 0 2","visual","D17 1","Visual 4","Visual visual D17 406120 418400",22365,TRUE,1,2
"186","D17_TT_Coded.eaf","D17","Visual",0,13,5,5,TRUE,652438,669012,"Ga0 Tu13 Ta5 {2 3 *5*} Ch5",669810,2,"Director",1,"T1",653040,667140,14100,"Visual",653040,667140,14100,"x","Visual D17 0 13","visual","D17 2","Visual 5","Visual visual D17 653040 667140",15972,FALSE,1,2
"187","D17_TT_Coded.eaf","D17","Visual",0,14,7,7,TRUE,669810,683785,"Ga0 Tu14 Ta7 {*7* 2 3} Ch7",688539,1,"Director",1,"T1",672020,685720,13700,"Visual",672020,685720,13700,"x","Visual D17 0 14","visual","D17 1","Visual 7","Visual visual D17 672020 685720",11765,FALSE,1,2
"188","D17_TT_Coded.eaf","D17","Visual",0,15,1,6,FALSE,688539,709211,"Ga0 Tu15 Ta1 {*6* 4 1} Ch6",732104,2,"Director",1,"T1",691180,701420,10240,"Visual",691210,693330,2120,"x","Visual D17 0 15","visual","D17 2","Visual 1","Visual visual D17 691180 701420",18031,FALSE,1,2
"189","D17_TT_Coded.eaf","D17","Visual",0,15,1,6,FALSE,688539,709211,"Ga0 Tu15 Ta1 {*6* 4 1} Ch6",732104,2,"Director",1,"T1",691180,701420,10240,"Visual",695680,701440,5760,"x","Visual D17 0 15","visual","D17 2","Visual 1","Visual visual D17 691180 701420",18031,FALSE,1,2
"190","D17_TT_Coded.eaf","D17","Visual",1,15,5,5,TRUE,985389,1002429,"Ga1 Tu15 Ta5 {2 3 *5*} Ch5",1008344,2,"Director",1,"T1",986260,995700,9440,"Visual",986260,995700,9440,"x","Visual D17 1 15","visual","D17 2","Visual 5","Visual visual D17 986260 995700",16169,FALSE,1,2
"191","D17_TT_Coded.eaf","D17","Visual",2,0,7,7,TRUE,1008344,1022191,"Ga2 Tu0 Ta7 {*7* 2 3} Ch7",1027596,1,"Director",1,"T1",1013510,1023510,10000,"Visual",1013510,1023510,10000,"x","Visual D17 2 0","visual","D17 1","Visual 7","Visual visual D17 1013510 1023510",8681,FALSE,1,2
"192","D17_TT_Coded.eaf","D17","Visual",2,1,1,1,TRUE,1027596,1039532,"Ga2 Tu1 Ta1 {6 4 *1*} Ch1",1038959,2,"Director",1,"T1",1029180,1032860,3680,"Visual",1029180,1032860,3680,"x","Visual D17 2 1","visual","D17 2","Visual 1","Visual visual D17 1029180 1032860",10352,FALSE,1,2
"193","D17_TT_Coded.eaf","D17","Visual",2,2,3,3,TRUE,1038959,1049606,"Ga2 Tu2 Ta3 {4 5 *3*} Ch3",1052556,1,"Director",1,"T1",1042400,1050280,7880,"Visual",1042400,1050280,7880,"x","Visual D17 2 2","visual","D17 1","Visual 3","Visual visual D17 1042400 1050280",7206,FALSE,1,2
"194","D17_TT_Coded.eaf","D17","Auditory",0,5,2,2,TRUE,1923290,1940522,"Ga0 Tu5 Ta2 {*2* 1 4} Ch2",1942559,2,"Director",1,"T1",1932980,1935580,2600,"Visual",1932980,1935260,2280,"x","Auditory D17 0 5","visual","D17 2","Auditory 2","Auditory visual D17 1932980 1935580",7542,FALSE,0,0
"195","D17_TT_Coded.eaf","D17","Auditory",0,5,2,2,TRUE,1923290,1940522,"Ga0 Tu5 Ta2 {*2* 1 4} Ch2",1942559,2,"Director",1,"T1",1932980,1935580,2600,"Acoustic",1933450,1935570,2120,"x","Auditory D17 0 5","visual","D17 2","Auditory 2","Auditory visual D17 1932980 1935580",7542,FALSE,0,0
"196","D17_TT_Coded.eaf","D17","Auditory",0,6,8,8,TRUE,1942559,1976398,"Ga0 Tu6 Ta8 {1 *8* 6} Ch8",1982568,1,"Director",1,"T1",1949250,1961470,12220,"Visual",1949230,1952330,3100,"x","Auditory D17 0 6","visual","D17 1","Auditory 8","Auditory visual D17 1949250 1961470",27148,TRUE,1,2
"197","D17_TT_Coded.eaf","D17","Auditory",0,6,8,8,TRUE,1942559,1976398,"Ga0 Tu6 Ta8 {1 *8* 6} Ch8",1982568,1,"Director",1,"T1",1949250,1961470,12220,"Visual",1958610,1961470,2860,"x","Auditory D17 0 6","visual","D17 1","Auditory 8","Auditory visual D17 1949250 1961470",27148,TRUE,1,2
"198","D17_TT_Coded.eaf","D17","Auditory",0,6,8,8,TRUE,1942559,1976398,"Ga0 Tu6 Ta8 {1 *8* 6} Ch8",1982568,2,"Matcher",1,"T2",1963140,1964580,1440,"Visual",1963140,1964580,1440,"x","Auditory D17 0 6","visual","D17 2","Auditory 8","Auditory visual D17 1963140 1964580",27148,TRUE,1,2
"199","D17_TT_Coded.eaf","D17","Auditory",0,6,8,8,TRUE,1942559,1976398,"Ga0 Tu6 Ta8 {1 *8* 6} Ch8",1982568,1,"Director",2,"T3",1966210,1968990,2780,"Visual",1966210,1968990,2780,"x","Auditory D17 0 6","visual","D17 1","Auditory 8","Auditory visual D17 1966210 1968990",27148,TRUE,1,2
"200","D17_TT_Coded.eaf","D17","Auditory",2,3,8,8,TRUE,2682219,2696345,"Ga2 Tu3 Ta8 {5 *8* 3} Ch8",2696689,2,"Director",1,"T1",2683800,2687160,3360,"Visual",2683800,2687160,3360,"x","Auditory D17 2 3","visual","D17 2","Auditory 8","Auditory visual D17 2683800 2687160",12545,FALSE,1,2
"201","D17_TT_Coded.eaf","D17","Auditory",2,4,5,6,FALSE,2696689,2723065,"Ga2 Tu4 Ta5 {7 5 *6*} Ch6",2726320,1,"Director",1,"T1",2705330,2719630,14300,"Visual",2705330,2710110,4780,"x","Auditory D17 2 4","visual","D17 1","Auditory 5","Auditory visual D17 2705330 2719630",17735,FALSE,1,2
"202","D17_TT_Coded.eaf","D17","Auditory",2,4,5,6,FALSE,2696689,2723065,"Ga2 Tu4 Ta5 {7 5 *6*} Ch6",2726320,1,"Director",1,"T1",2705330,2719630,14300,"Acoustic",2705350,2706090,740,"x","Auditory D17 2 4","visual","D17 1","Auditory 5","Auditory visual D17 2705330 2719630",17735,FALSE,1,2
"203","D17_TT_Coded.eaf","D17","Auditory",2,4,5,6,FALSE,2696689,2723065,"Ga2 Tu4 Ta5 {7 5 *6*} Ch6",2726320,1,"Director",1,"T1",2705330,2719630,14300,"Acoustic",2707410,2707750,340,"x","Auditory D17 2 4","visual","D17 1","Auditory 5","Auditory visual D17 2705330 2719630",17735,FALSE,1,2
"204","D17_TT_Coded.eaf","D17","Auditory",2,4,5,6,FALSE,2696689,2723065,"Ga2 Tu4 Ta5 {7 5 *6*} Ch6",2726320,1,"Director",1,"T1",2705330,2719630,14300,"Acoustic",2709310,2710090,780,"x","Auditory D17 2 4","visual","D17 1","Auditory 5","Auditory visual D17 2705330 2719630",17735,FALSE,1,2
"205","D17_TT_Coded.eaf","D17","Auditory",2,4,5,6,FALSE,2696689,2723065,"Ga2 Tu4 Ta5 {7 5 *6*} Ch6",2726320,1,"Director",1,"T1",2705330,2719630,14300,"Visual",2714610,2716250,1640,"x","Auditory D17 2 4","visual","D17 1","Auditory 5","Auditory visual D17 2705330 2719630",17735,FALSE,1,2
"206","D17_TT_Coded.eaf","D17","Auditory",2,4,5,6,FALSE,2696689,2723065,"Ga2 Tu4 Ta5 {7 5 *6*} Ch6",2726320,1,"Director",1,"T1",2705330,2719630,14300,"Acoustic",2717140,2717780,640,"x","Auditory D17 2 4","visual","D17 1","Auditory 5","Auditory visual D17 2705330 2719630",17735,FALSE,1,2
"207","D17_TT_Coded.eaf","D17","Auditory",2,4,5,6,FALSE,2696689,2723065,"Ga2 Tu4 Ta5 {7 5 *6*} Ch6",2726320,1,"Director",1,"T1",2705330,2719630,14300,"Visual",2717340,2719560,2220,"x","Auditory D17 2 4","visual","D17 1","Auditory 5","Auditory visual D17 2705330 2719630",17735,FALSE,1,2
"208","D17_TT_Coded.eaf","D17","Auditory",2,13,6,7,FALSE,2868246,2893381,"Ga2 Tu13 Ta6 {6 *7* 8} Ch7",2894291,2,"Director",1,"T1",2878590,2882930,4340,"Visual",2878580,2882940,4360,"x","Auditory D17 2 13","visual","D17 2","Auditory 6","Auditory visual D17 2878590 2882930",14791,FALSE,1,2
"209","D17_TT_Coded.eaf","D17","Auditory",2,13,6,7,FALSE,2868246,2893381,"Ga2 Tu13 Ta6 {6 *7* 8} Ch7",2894291,2,"Director",1,"T1",2878590,2882930,4340,"Acoustic",2878590,2882130,3540,"x","Auditory D17 2 13","visual","D17 2","Auditory 6","Auditory visual D17 2878590 2882930",14791,FALSE,1,2
"210","D17_TT_Coded.eaf","D17","Auditory",2,14,4,4,TRUE,2894291,2904507,"Ga2 Tu14 Ta4 {6 5 *4*} Ch4",2908868,1,"Director",1,"T1",2901550,2902810,1260,"Visual",2901550,2902810,1260,"x","Auditory D17 2 14","visual","D17 1","Auditory 4","Auditory visual D17 2901550 2902810",2957,FALSE,1,2
"211","D17_TT_Coded.eaf","D17","Auditory",2,15,7,7,TRUE,2908868,2932068,"Ga2 Tu15 Ta7 {8 *7* 3} Ch7",2938097,2,"Director",1,"T1",2912420,2918140,5720,"Acoustic",2912410,2914830,2420,"x","Auditory D17 2 15","visual","D17 2","Auditory 7","Auditory visual D17 2912420 2918140",19648,FALSE,1,2
"212","D17_TT_Coded.eaf","D17","Auditory",2,15,7,7,TRUE,2908868,2932068,"Ga2 Tu15 Ta7 {8 *7* 3} Ch7",2938097,2,"Director",1,"T1",2912420,2918140,5720,"Visual",2912420,2918140,5720,"x","Auditory D17 2 15","visual","D17 2","Auditory 7","Auditory visual D17 2912420 2918140",19648,FALSE,1,2
"213","D17_TT_Coded.eaf","D17","Auditory",2,15,7,7,TRUE,2908868,2932068,"Ga2 Tu15 Ta7 {8 *7* 3} Ch7",2938097,2,"Director",1,"T1",2912420,2918140,5720,"Acoustic",2915170,2916370,1200,"x","Auditory D17 2 15","visual","D17 2","Auditory 7","Auditory visual D17 2912420 2918140",19648,FALSE,1,2
"214","D18_TT_Coded.eaf","D18","Auditory",0,7,2,2,TRUE,165624,173454,"Ga0 Tu7 Ta2 {*2* 1 4} Ch2",175980,2,"Director",1,"T1",171012,173769,2757,"Visual",171012,173769,2757,"x","Auditory D18 0 7","multi","D18 2","Auditory 2","Auditory multi D18 171012 173769",2442,FALSE,0,0
"215","D18_TT_Coded.eaf","D18","Auditory",0,7,2,2,TRUE,165624,173454,"Ga0 Tu7 Ta2 {*2* 1 4} Ch2",175980,2,"Director",1,"T1",171012,173769,2757,"Acoustic",171411,173600,2189,"x","Auditory D18 0 7","multi","D18 2","Auditory 2","Auditory multi D18 171012 173769",2442,FALSE,0,0
"216","D18_TT_Coded.eaf","D18","Auditory",0,8,1,1,TRUE,175980,183516,"Ga0 Tu8 Ta1 {*1* 7 2} Ch1",182342,1,"Director",1,"T1",177418,178877,1459,"Acoustic",177418,178877,1459,"x","Auditory D18 0 8","multi","D18 1","Auditory 1","Auditory multi D18 177418 178877",6098,FALSE,0,0
"217","D18_TT_Coded.eaf","D18","Auditory",0,8,1,1,TRUE,175980,183516,"Ga0 Tu8 Ta1 {*1* 7 2} Ch1",182342,1,"Director",1,"T1",177418,178877,1459,"Visual",177418,178877,1459,"x","Auditory D18 0 8","multi","D18 1","Auditory 1","Auditory multi D18 177418 178877",6098,FALSE,0,0
"220","D18_TT_Coded.eaf","D18","Auditory",0,10,2,2,TRUE,189517,204076,"Ga0 Tu10 Ta2 {5 1 *2*} Ch2",195534,1,"Director",1,"T1",191526,192782,1256,"Visual",191526,192782,1256,"x","Auditory D18 0 10","multi","D18 1","Auditory 2","Auditory multi D18 191526 192782",12550,TRUE,1,2
"221","D18_TT_Coded.eaf","D18","Auditory",0,10,2,2,TRUE,189517,204076,"Ga0 Tu10 Ta2 {5 1 *2*} Ch2",195534,1,"Director",1,"T1",191526,192782,1256,"Acoustic",191648,192783,1135,"x","Auditory D18 0 10","multi","D18 1","Auditory 2","Auditory multi D18 191526 192782",12550,TRUE,1,2
"223","D18_TT_Coded.eaf","D18","Auditory",0,10,2,2,TRUE,189517,204076,"Ga0 Tu10 Ta2 {5 1 *2*} Ch2",195534,2,"Matcher",1,"T2",197080,202431,5351,"Visual",197080,202431,5351,"x","Auditory D18 0 10","multi","D18 2","Auditory 2","Auditory multi D18 197080 202431",12550,TRUE,1,2
"225","D18_TT_Coded.eaf","D18","Auditory",0,10,2,2,TRUE,189517,204076,"Ga0 Tu10 Ta2 {5 1 *2*} Ch2",195534,1,"Director",2,"T3",203235,204127,892,"Visual",203235,204127,892,"x","Auditory D18 0 10","multi","D18 1","Auditory 2","Auditory multi D18 203235 204127",12550,TRUE,1,2
"227","D18_TT_Coded.eaf","D18","Auditory",0,12,8,8,TRUE,211875,216395,"Ga0 Tu12 Ta8 {1 *8* 6} Ch8",215821,1,"Director",1,"T1",212648,214567,1919,"Visual",212648,214567,1919,"x","Auditory D18 0 12","multi","D18 1","Auditory 8","Auditory multi D18 212648 214567",3747,FALSE,1,2
"228","D18_TT_Coded.eaf","D18","Auditory",0,12,8,8,TRUE,211875,216395,"Ga0 Tu12 Ta8 {1 *8* 6} Ch8",215821,1,"Director",1,"T1",212648,214567,1919,"Acoustic",212844,214560,1716,"x","Auditory D18 0 12","multi","D18 1","Auditory 8","Auditory multi D18 212648 214567",3747,FALSE,1,2
"229","D18_TT_Coded.eaf","D18","Auditory",0,13,6,6,TRUE,215821,222485,"Ga0 Tu13 Ta6 {*6* 7 8} Ch6",223195,2,"Director",1,"T1",219607,221702,2095,"Visual",219607,221702,2095,"x","Auditory D18 0 13","multi","D18 2","Auditory 6","Auditory multi D18 219607 221702",2878,FALSE,1,2
"230","D18_TT_Coded.eaf","D18","Auditory",0,13,6,6,TRUE,215821,222485,"Ga0 Tu13 Ta6 {*6* 7 8} Ch6",223195,2,"Director",1,"T1",219607,221702,2095,"Acoustic",219634,221364,1730,"x","Auditory D18 0 13","multi","D18 2","Auditory 6","Auditory multi D18 219607 221702",2878,FALSE,1,2
"231","D18_TT_Coded.eaf","D18","Auditory",0,14,4,4,TRUE,223195,228827,"Ga0 Tu14 Ta4 {6 5 *4*} Ch4",227757,1,"Director",1,"T1",224560,225749,1189,"Visual",224560,225749,1189,"x","Auditory D18 0 14","multi","D18 1","Auditory 4","Auditory multi D18 224560 225749",4267,FALSE,1,2
"232","D18_TT_Coded.eaf","D18","Auditory",0,14,4,4,TRUE,223195,228827,"Ga0 Tu14 Ta4 {6 5 *4*} Ch4",227757,1,"Director",1,"T1",224560,225749,1189,"Acoustic",224580,225607,1027,"x","Auditory D18 0 14","multi","D18 1","Auditory 4","Auditory multi D18 224560 225749",4267,FALSE,1,2
"233","D18_TT_Coded.eaf","D18","Auditory",0,15,7,7,TRUE,227757,237941,"Ga0 Tu15 Ta7 {8 *7* 3} Ch7",246521,2,"Director",1,"T1",234202,237026,2824,"Acoustic",234202,237026,2824,"x","Auditory D18 0 15","multi","D18 2","Auditory 7","Auditory multi D18 234202 237026",3739,FALSE,1,2
"234","D18_TT_Coded.eaf","D18","Auditory",0,15,7,7,TRUE,227757,237941,"Ga0 Tu15 Ta7 {8 *7* 3} Ch7",246521,2,"Director",1,"T1",234202,237026,2824,"Visual",234202,237026,2824,"x","Auditory D18 0 15","multi","D18 2","Auditory 7","Auditory multi D18 234202 237026",3739,FALSE,1,2
"237","D18_TT_Coded.eaf","D18","Auditory",2,1,8,8,TRUE,368409,370474,"Ga2 Tu1 Ta8 {5 *8* 3} Ch8",371446,2,"Director",1,"T1",367621,369526,1905,"Visual",367621,369526,1905,"x","Auditory D18 2 1","multi","D18 2","Auditory 8","Auditory multi D18 367621 369526",2853,FALSE,1,2
"238","D18_TT_Coded.eaf","D18","Auditory",2,1,8,8,TRUE,368409,370474,"Ga2 Tu1 Ta8 {5 *8* 3} Ch8",371446,2,"Director",1,"T1",367621,369526,1905,"Acoustic",367688,369404,1716,"x","Auditory D18 2 1","multi","D18 2","Auditory 8","Auditory multi D18 367621 369526",2853,FALSE,1,2
"239","D18_TT_Coded.eaf","D18","Auditory",2,2,4,4,TRUE,371446,376750,"Ga2 Tu2 Ta4 {6 5 *4*} Ch4",373929,1,"Director",1,"T1",372080,372607,527,"Visual",372080,372607,527,"x","Auditory D18 2 2","multi","D18 1","Auditory 4","Auditory multi D18 372080 372607",4670,FALSE,1,2
"240","D18_TT_Coded.eaf","D18","Auditory",2,2,4,4,TRUE,371446,376750,"Ga2 Tu2 Ta4 {6 5 *4*} Ch4",373929,1,"Director",1,"T1",372080,372607,527,"Acoustic",372215,372499,284,"x","Auditory D18 2 2","multi","D18 1","Auditory 4","Auditory multi D18 372080 372607",4670,FALSE,1,2
"241","D18_TT_Coded.eaf","D18","Auditory",2,3,7,7,TRUE,373929,381834,"Ga2 Tu3 Ta7 {8 *7* 3} Ch7",382830,2,"Director",1,"T1",378905,381040,2135,"Acoustic",378905,381040,2135,"x","Auditory D18 2 3","multi","D18 2","Auditory 7","Auditory multi D18 378905 381040",2929,FALSE,1,2
"242","D18_TT_Coded.eaf","D18","Auditory",2,3,7,7,TRUE,373929,381834,"Ga2 Tu3 Ta7 {8 *7* 3} Ch7",382830,2,"Director",1,"T1",378905,381040,2135,"Visual",378905,381040,2135,"x","Auditory D18 2 3","multi","D18 2","Auditory 7","Auditory multi D18 378905 381040",2929,FALSE,1,2
"243","D18_TT_Coded.eaf","D18","Auditory",2,4,6,6,TRUE,382830,387054,"Ga2 Tu4 Ta6 {2 *6* 8} Ch6",387257,1,"Director",1,"T1",383641,385466,1825,"Visual",383641,385466,1825,"x","Auditory D18 2 4","multi","D18 1","Auditory 6","Auditory multi D18 383641 385466",3413,FALSE,1,2
"244","D18_TT_Coded.eaf","D18","Auditory",2,4,6,6,TRUE,382830,387054,"Ga2 Tu4 Ta6 {2 *6* 8} Ch6",387257,1,"Director",1,"T1",383641,385466,1825,"Acoustic",383884,385330,1446,"x","Auditory D18 2 4","multi","D18 1","Auditory 6","Auditory multi D18 383641 385466",3413,FALSE,1,2
"245","D18_TT_Coded.eaf","D18","Auditory",2,5,2,2,TRUE,387257,392409,"Ga2 Tu5 Ta2 {*2* 1 4} Ch2",393269,2,"Director",1,"T1",389574,391547,1973,"Acoustic",389574,391547,1973,"x","Auditory D18 2 5","multi","D18 2","Auditory 2","Auditory multi D18 389574 391547",2835,FALSE,1,2
"246","D18_TT_Coded.eaf","D18","Auditory",2,5,2,2,TRUE,387257,392409,"Ga2 Tu5 Ta2 {*2* 1 4} Ch2",393269,2,"Director",1,"T1",389574,391547,1973,"Visual",389574,391547,1973,"x","Auditory D18 2 5","multi","D18 2","Auditory 2","Auditory multi D18 389574 391547",2835,FALSE,1,2
"247","D18_TT_Coded.eaf","D18","Auditory",2,6,8,8,TRUE,393269,396997,"Ga2 Tu6 Ta8 {1 *8* 6} Ch8",396017,1,"Director",1,"T1",393797,395459,1662,"Visual",393797,395459,1662,"x","Auditory D18 2 6","multi","D18 1","Auditory 8","Auditory multi D18 393797 395459",3200,FALSE,1,2
"248","D18_TT_Coded.eaf","D18","Auditory",2,6,8,8,TRUE,393269,396997,"Ga2 Tu6 Ta8 {1 *8* 6} Ch8",396017,1,"Director",1,"T1",393797,395459,1662,"Acoustic",393973,395378,1405,"x","Auditory D18 2 6","multi","D18 1","Auditory 8","Auditory multi D18 393797 395459",3200,FALSE,1,2
"249","D18_TT_Coded.eaf","D18","Auditory",2,7,3,3,TRUE,396017,402001,"Ga2 Tu7 Ta3 {8 *3* 4} Ch3",403364,2,"Director",1,"T1",398986,401824,2838,"Visual",398986,401824,2838,"x","Auditory D18 2 7","multi","D18 2","Auditory 3","Auditory multi D18 398986 401824",3015,FALSE,1,2
"250","D18_TT_Coded.eaf","D18","Auditory",2,7,3,3,TRUE,396017,402001,"Ga2 Tu7 Ta3 {8 *3* 4} Ch3",403364,2,"Director",1,"T1",398986,401824,2838,"Acoustic",399142,401750,2608,"x","Auditory D18 2 7","multi","D18 2","Auditory 3","Auditory multi D18 398986 401824",3015,FALSE,1,2
"251","D18_TT_Coded.eaf","D18","Auditory",2,8,2,2,TRUE,403364,409301,"Ga2 Tu8 Ta2 {5 1 *2*} Ch2",408505,1,"Director",1,"T1",403832,405345,1513,"Acoustic",403832,405345,1513,"x","Auditory D18 2 8","multi","D18 1","Auditory 2","Auditory multi D18 403832 405345",5469,FALSE,1,2
"252","D18_TT_Coded.eaf","D18","Auditory",2,8,2,2,TRUE,403364,409301,"Ga2 Tu8 Ta2 {5 1 *2*} Ch2",408505,1,"Director",1,"T1",403832,405345,1513,"Visual",403832,405345,1513,"x","Auditory D18 2 8","multi","D18 1","Auditory 2","Auditory multi D18 403832 405345",5469,FALSE,1,2
"255","D18_TT_Coded.eaf","D18","Auditory",3,2,7,7,TRUE,464347,470307,"Ga3 Tu2 Ta7 {*7* 2 3} Ch7",469111,1,"Director",1,"T1",464607,467148,2541,"Acoustic",464607,467148,2541,"x","Auditory D18 3 2","multi","D18 1","Auditory 7","Auditory multi D18 464607 467148",5700,FALSE,1,2
"256","D18_TT_Coded.eaf","D18","Auditory",3,2,7,7,TRUE,464347,470307,"Ga3 Tu2 Ta7 {*7* 2 3} Ch7",469111,1,"Director",1,"T1",464607,467148,2541,"Visual",464607,467148,2541,"x","Auditory D18 3 2","multi","D18 1","Auditory 7","Auditory multi D18 464607 467148",5700,FALSE,1,2
"257","D18_TT_Coded.eaf","D18","Auditory",3,3,1,1,TRUE,469111,475815,"Ga3 Tu3 Ta1 {6 4 *1*} Ch1",477067,2,"Director",1,"T1",473593,475391,1798,"Acoustic",473593,475391,1798,"x","Auditory D18 3 3","multi","D18 2","Auditory 1","Auditory multi D18 473593 475391",2222,FALSE,1,2
"258","D18_TT_Coded.eaf","D18","Auditory",3,3,1,1,TRUE,469111,475815,"Ga3 Tu3 Ta1 {6 4 *1*} Ch1",477067,2,"Director",1,"T1",473593,475391,1798,"Visual",473986,475323,1337,"x","Auditory D18 3 3","multi","D18 2","Auditory 1","Auditory multi D18 473593 475391",2222,FALSE,1,2
"259","D18_TT_Coded.eaf","D18","Auditory",3,4,5,5,TRUE,477067,481147,"Ga3 Tu4 Ta5 {7 *5* 6} Ch5",480799,1,"Director",1,"T1",477404,478148,744,"Visual",477404,478148,744,"x","Auditory D18 3 4","multi","D18 1","Auditory 5","Auditory multi D18 477404 478148",3743,FALSE,1,2
"260","D18_TT_Coded.eaf","D18","Auditory",3,4,5,5,TRUE,477067,481147,"Ga3 Tu4 Ta5 {7 *5* 6} Ch5",480799,1,"Director",1,"T1",477404,478148,744,"Acoustic",477553,478148,595,"x","Auditory D18 3 4","multi","D18 1","Auditory 5","Auditory multi D18 477404 478148",3743,FALSE,1,2
"263","D18_TT_Coded.eaf","D18","Auditory",3,6,3,3,TRUE,485547,491115,"Ga3 Tu6 Ta3 {4 5 *3*} Ch3",492311,1,"Director",1,"T1",486608,488567,1959,"Visual",486608,488567,1959,"x","Auditory D18 3 6","multi","D18 1","Auditory 3","Auditory multi D18 486608 488567",4507,FALSE,1,2
"264","D18_TT_Coded.eaf","D18","Auditory",3,6,3,3,TRUE,485547,491115,"Ga3 Tu6 Ta3 {4 5 *3*} Ch3",492311,1,"Director",1,"T1",486608,488567,1959,"Acoustic",486648,488216,1568,"x","Auditory D18 3 6","multi","D18 1","Auditory 3","Auditory multi D18 486608 488567",4507,FALSE,1,2
"265","D18_TT_Coded.eaf","D18","Auditory",3,7,8,8,TRUE,492311,495551,"Ga3 Tu7 Ta8 {5 *8* 3} Ch8",496995,2,"Director",1,"T1",493445,495094,1649,"Acoustic",493445,495094,1649,"x","Auditory D18 3 7","multi","D18 2","Auditory 8","Auditory multi D18 493445 495094",2106,FALSE,1,2
"266","D18_TT_Coded.eaf","D18","Auditory",3,7,8,8,TRUE,492311,495551,"Ga3 Tu7 Ta8 {5 *8* 3} Ch8",496995,2,"Director",1,"T1",493445,495094,1649,"Visual",493445,495094,1649,"x","Auditory D18 3 7","multi","D18 2","Auditory 8","Auditory multi D18 493445 495094",2106,FALSE,1,2
"267","D18_TT_Coded.eaf","D18","Visual",0,7,3,3,TRUE,826760,844615,"Ga0 Tu7 Ta3 {8 *3* 4} Ch3",844415,2,"Director",1,"T1",832986,839945,6959,"Visual",832986,839945,6959,"x","Visual D18 0 7","multi","D18 2","Visual 3","Visual multi D18 832986 839945",11629,FALSE,0,0
"268","D18_TT_Coded.eaf","D18","Visual",0,8,2,2,TRUE,844415,858727,"Ga0 Tu8 Ta2 {5 1 *2*} Ch2",859207,1,"Director",1,"T1",847026,855148,8122,"Visual",847026,855148,8122,"x","Visual D18 0 8","multi","D18 1","Visual 2","Visual multi D18 847026 855148",11701,TRUE,1,2
"269","D18_TT_Coded.eaf","D18","Visual",0,8,2,2,TRUE,844415,858727,"Ga0 Tu8 Ta2 {5 1 *2*} Ch2",859207,2,"Matcher",1,"T2",854324,855189,865,"Visual",854324,855189,865,"x","Visual D18 0 8","multi","D18 2","Visual 2","Visual multi D18 854324 855189",11701,TRUE,1,2
"270","D18_TT_Coded.eaf","D18","Visual",0,8,2,2,TRUE,844415,858727,"Ga0 Tu8 Ta2 {5 1 *2*} Ch2",859207,1,"Director",2,"T3",855425,857142,1717,"Visual",855425,857142,1717,"x","Visual D18 0 8","multi","D18 1","Visual 2","Visual multi D18 855425 857142",11701,TRUE,1,2
"271","D18_TT_Coded.eaf","D18","Visual",1,14,1,1,TRUE,1174309,1177629,"Ga1 Tu14 Ta1 {*1* 7 2} Ch1",1177176,1,"Director",1,"T1",1173634,1175986,2352,"Visual",1173634,1175986,2352,"x","Visual D18 1 14","multi","D18 1","Visual 1","Visual multi D18 1173634 1175986",3995,FALSE,1,2
"272","D18_TT_Coded.eaf","D18","Visual",1,15,5,5,TRUE,1177176,1183048,"Ga1 Tu15 Ta5 {2 3 *5*} Ch5",1187189,2,"Director",1,"T1",1178844,1182398,3554,"Visual",1178844,1182398,3554,"x","Visual D18 1 15","multi","D18 2","Visual 5","Visual multi D18 1178844 1182398",4204,FALSE,1,2
"273","D18_TT_Coded.eaf","D18","Visual",2,0,7,7,TRUE,1187189,1197980,"Ga2 Tu0 Ta7 {*7* 2 3} Ch7",1200295,1,"Director",1,"T1",1187215,1193053,5838,"Visual",1187215,1193053,5838,"x","Visual D18 2 0","multi","D18 1","Visual 7","Visual multi D18 1187215 1193053",10765,TRUE,2,6
"274","D18_TT_Coded.eaf","D18","Visual",2,0,7,7,TRUE,1187189,1197980,"Ga2 Tu0 Ta7 {*7* 2 3} Ch7",1200295,2,"Matcher",1,"T2",1193101,1193560,459,"Visual",1193101,1193560,459,"x","Visual D18 2 0","multi","D18 2","Visual 7","Visual multi D18 1193101 1193560",10765,TRUE,2,6
"275","D18_TT_Coded.eaf","D18","Visual",2,0,7,7,TRUE,1187189,1197980,"Ga2 Tu0 Ta7 {*7* 2 3} Ch7",1200295,1,"Director",2,"T3",1193439,1195547,2108,"Visual",1193439,1195547,2108,"x","Visual D18 2 0","multi","D18 1","Visual 7","Visual multi D18 1193439 1195547",10765,TRUE,2,6
"276","D18_TT_Coded.eaf","D18","Visual",2,0,7,7,TRUE,1187189,1197980,"Ga2 Tu0 Ta7 {*7* 2 3} Ch7",1200295,2,"Matcher",2,"T4",1193899,1194372,473,"Visual",1193899,1194372,473,"x","Visual D18 2 0","multi","D18 2","Visual 7","Visual multi D18 1193899 1194372",10765,TRUE,2,6
"277","D18_TT_Coded.eaf","D18","Visual",2,0,7,7,TRUE,1187189,1197980,"Ga2 Tu0 Ta7 {*7* 2 3} Ch7",1200295,1,"Director",3,"T5",1196933,1198203,1270,"Visual",1196933,1198203,1270,"x","Visual D18 2 0","multi","D18 1","Visual 7","Visual multi D18 1196933 1198203",10765,TRUE,2,6
"278","D18_TT_Coded.eaf","D18","Visual",2,1,1,1,TRUE,1200295,1205071,"Ga2 Tu1 Ta1 {6 4 *1*} Ch1",1204588,2,"Director",1,"T1",1201967,1203454,1487,"Visual",1201967,1203454,1487,"x","Visual D18 2 1","multi","D18 2","Visual 1","Visual multi D18 1201967 1203454",3104,FALSE,2,6
"279","D18_TT_Coded.eaf","D18","Visual",2,2,3,3,TRUE,1204588,1208468,"Ga2 Tu2 Ta3 {4 5 *3*} Ch3",1209104,1,"Director",1,"T1",1206028,1206974,946,"Visual",1206028,1206974,946,"x","Visual D18 2 2","multi","D18 1","Visual 3","Visual multi D18 1206028 1206974",2440,FALSE,2,6
"280","D18_TT_Coded.eaf","D18","Visual",2,3,8,5,FALSE,1209104,1216136,"Ga2 Tu3 Ta8 {*5* 8 3} Ch5",1218068,2,"Director",1,"T1",1211589,1215561,3972,"Visual",1211589,1215561,3972,"x","Visual D18 2 3","multi","D18 2","Visual 8","Visual multi D18 1211589 1215561",4547,FALSE,2,6
"281","D18_TT_Coded.eaf","D18","Visual",2,4,5,7,FALSE,1218068,1240468,"Ga2 Tu4 Ta5 {*7* 5 6} Ch7",1243974,1,"Director",1,"T1",1217040,1222189,5149,"Visual",1217040,1222189,5149,"x","Visual D18 2 4","multi","D18 1","Visual 5","Visual multi D18 1217040 1222189",23428,TRUE,3,12
"282","D18_TT_Coded.eaf","D18","Visual",2,4,5,7,FALSE,1218068,1240468,"Ga2 Tu4 Ta5 {*7* 5 6} Ch7",1243974,2,"Matcher",1,"T2",1222594,1226797,4203,"Visual",1222594,1226810,4216,"x","Visual D18 2 4","multi","D18 2","Visual 5","Visual multi D18 1222594 1226797",23428,TRUE,3,12
"283","D18_TT_Coded.eaf","D18","Visual",2,4,5,7,FALSE,1218068,1240468,"Ga2 Tu4 Ta5 {*7* 5 6} Ch7",1243974,1,"Director",2,"T3",1225878,1230554,4676,"Visual",1225878,1230554,4676,"x","Visual D18 2 4","multi","D18 1","Visual 5","Visual multi D18 1225878 1230554",23428,TRUE,3,12
"284","D18_TT_Coded.eaf","D18","Visual",2,4,5,7,FALSE,1218068,1240468,"Ga2 Tu4 Ta5 {*7* 5 6} Ch7",1243974,2,"Matcher",2,"T4",1230683,1233520,2837,"Visual",1230683,1233520,2837,"x","Visual D18 2 4","multi","D18 2","Visual 5","Visual multi D18 1230683 1233520",23428,TRUE,3,12
"285","D18_TT_Coded.eaf","D18","Visual",2,4,5,7,FALSE,1218068,1240468,"Ga2 Tu4 Ta5 {*7* 5 6} Ch7",1243974,1,"Director",3,"T5",1231980,1234507,2527,"Visual",1231980,1234507,2527,"x","Visual D18 2 4","multi","D18 1","Visual 5","Visual multi D18 1231980 1234507",23428,TRUE,3,12
"286","D18_TT_Coded.eaf","D18","Visual",2,4,5,7,FALSE,1218068,1240468,"Ga2 Tu4 Ta5 {*7* 5 6} Ch7",1243974,2,"Matcher",3,"T6",1234337,1235851,1514,"Visual",1234337,1235851,1514,"x","Visual D18 2 4","multi","D18 2","Visual 5","Visual multi D18 1234337 1235851",23428,TRUE,3,12
"287","D18_TT_Coded.eaf","D18","Visual",2,4,5,7,FALSE,1218068,1240468,"Ga2 Tu4 Ta5 {*7* 5 6} Ch7",1243974,1,"Director",4,"T7",1235601,1239493,3892,"Visual",1235601,1239493,3892,"x","Visual D18 2 4","multi","D18 1","Visual 5","Visual multi D18 1235601 1239493",23428,TRUE,3,12
"288","D18_TT_Coded.eaf","D18","Visual",3,4,2,2,TRUE,1339697,1342464,"Ga3 Tu4 Ta2 {5 1 *2*} Ch2",1343796,1,"Director",1,"T1",1339742,1342188,2446,"Visual",1339742,1342188,2446,"x","Visual D18 3 4","multi","D18 1","Visual 2","Visual multi D18 1339742 1342188",2722,FALSE,3,12
"289","D18_TT_Coded.eaf","D18","Visual",3,5,3,3,TRUE,1343796,1347060,"Ga3 Tu5 Ta3 {8 *3* 4} Ch3",1346944,2,"Director",1,"T1",1343810,1344932,1122,"Visual",1343810,1344932,1122,"x","Visual D18 3 5","multi","D18 2","Visual 3","Visual multi D18 1343810 1344932",3250,FALSE,3,12
"290","D18_TT_Coded.eaf","D18","Visual",3,6,6,6,TRUE,1346944,1351920,"Ga3 Tu6 Ta6 {2 *6* 8} Ch6",1353588,1,"Director",1,"T1",1348527,1351581,3054,"Visual",1348527,1351581,3054,"x","Visual D18 3 6","multi","D18 1","Visual 6","Visual multi D18 1348527 1351581",3393,FALSE,3,12
"291","D18_TT_Coded.eaf","D18","Visual",3,7,2,2,TRUE,1353588,1355669,"Ga3 Tu7 Ta2 {*2* 1 4} Ch2",1356624,2,"Director",1,"T1",1353345,1354899,1554,"Visual",1353345,1354899,1554,"x","Visual D18 3 7","multi","D18 2","Visual 2","Visual multi D18 1353345 1354899",2324,FALSE,3,12
"292","D18_TT_Coded.eaf","D18","Visual",3,8,4,4,TRUE,1356624,1361584,"Ga3 Tu8 Ta4 {6 5 *4*} Ch4",1360116,1,"Director",1,"T1",1356981,1358426,1445,"Visual",1356981,1358426,1445,"x","Visual D18 3 8","multi","D18 1","Visual 4","Visual multi D18 1356981 1358426",4603,FALSE,3,12
"293","D18_TT_Coded.eaf","D18","Visual",3,8,4,4,TRUE,1356624,1361584,"Ga3 Tu8 Ta4 {6 5 *4*} Ch4",1360116,1,"Director",1,"T1",1356981,1358426,1445,"Acoustic",1357372,1357818,446,"x","Visual D18 3 8","multi","D18 1","Visual 4","Visual multi D18 1356981 1358426",4603,FALSE,3,12
"294","D18_TT_Coded.eaf","D18","Visual",3,9,7,7,TRUE,1360116,1366708,"Ga3 Tu9 Ta7 {8 *7* 3} Ch7",1367776,2,"Director",1,"T1",1362973,1366202,3229,"Visual",1362973,1366202,3229,"x","Visual D18 3 9","multi","D18 2","Visual 7","Visual multi D18 1362973 1366202",3735,FALSE,3,12
"295","D18_TT_Coded.eaf","D18","Visual",3,10,3,3,TRUE,1367776,1371159,"Ga3 Tu10 Ta3 {4 5 *3*} Ch3",1370532,1,"Director",1,"T1",1367620,1368539,919,"Acoustic",1367620,1368539,919,"x","Visual D18 3 10","multi","D18 1","Visual 3","Visual multi D18 1367620 1368539",3539,FALSE,3,12
"296","D18_TT_Coded.eaf","D18","Visual",3,10,3,3,TRUE,1367776,1371159,"Ga3 Tu10 Ta3 {4 5 *3*} Ch3",1370532,1,"Director",1,"T1",1367620,1368539,919,"Visual",1367620,1368539,919,"x","Visual D18 3 10","multi","D18 1","Visual 3","Visual multi D18 1367620 1368539",3539,FALSE,3,12
"297","D18_TT_Coded.eaf","D18","Visual",3,11,8,8,TRUE,1370532,1394803,"Ga3 Tu11 Ta8 {5 *8* 3} Ch8",1395575,2,"Director",1,"T1",1373945,1375932,1987,"Visual",1373945,1375932,1987,"x","Visual D18 3 11","multi","D18 2","Visual 8","Visual multi D18 1373945 1375932",20858,TRUE,4,14
"298","D18_TT_Coded.eaf","D18","Visual",3,11,8,8,TRUE,1370532,1394803,"Ga3 Tu11 Ta8 {5 *8* 3} Ch8",1395575,1,"Matcher",1,"T2",1377013,1380621,3608,"Visual",1377013,1380621,3608,"x","Visual D18 3 11","multi","D18 1","Visual 8","Visual multi D18 1377013 1380621",20858,TRUE,4,14
"299","D18_TT_Coded.eaf","D18","Visual",3,11,8,8,TRUE,1370532,1394803,"Ga3 Tu11 Ta8 {5 *8* 3} Ch8",1395575,2,"Matcher",2,"T2",1384391,1393918,9527,"Visual",1384391,1393918,9527,"x","Visual D18 3 11","multi","D18 2","Visual 8","Visual multi D18 1384391 1393918",20858,TRUE,4,14
"300","D18_TT_Coded.eaf","D18","Visual",3,11,8,8,TRUE,1370532,1394803,"Ga3 Tu11 Ta8 {5 *8* 3} Ch8",1395575,1,"Director",2,"T3",1384621,1386661,2040,"Visual",1384621,1386661,2040,"x","Visual D18 3 11","multi","D18 1","Visual 8","Visual multi D18 1384621 1386661",20858,TRUE,4,14
"301","D18_TT_Coded.eaf","D18","Visual",3,12,1,1,TRUE,1395575,1398134,"Ga3 Tu12 Ta1 {*1* 7 2} Ch1",1399427,1,"Director",1,"T1",1395823,1396850,1027,"Visual",1395823,1396850,1027,"x","Visual D18 3 12","multi","D18 1","Visual 1","Visual multi D18 1395823 1396850",2311,FALSE,4,14
"302","D18_TT_Coded.eaf","D18","Visual",3,13,5,5,TRUE,1399427,1403491,"Ga3 Tu13 Ta5 {2 3 *5*} Ch5",1404733,2,"Director",1,"T1",1399621,1402729,3108,"Visual",1399621,1402729,3108,"x","Visual D18 3 13","multi","D18 2","Visual 5","Visual multi D18 1399621 1402729",3870,FALSE,4,14
"303","D18_TT_Coded.eaf","D18","Visual",3,14,7,7,TRUE,1404733,1409614,"Ga3 Tu14 Ta7 {*7* 2 3} Ch7",1411979,1,"Director",1,"T1",1404912,1410384,5472,"Visual",1404912,1410384,5472,"x","Visual D18 3 14","multi","D18 1","Visual 7","Visual multi D18 1404912 1410384",4702,FALSE,4,14
"304","D18_TT_Coded.eaf","D18","Visual",3,15,1,1,TRUE,1411979,1414283,"Ga3 Tu15 Ta1 {6 4 *1*} Ch1",1414283,2,"Matcher",1,"T2",1410912,1411952,1040,"Visual",1410912,1411952,1040,"x","Visual D18 3 15","multi","D18 2","Visual 1","Visual multi D18 1410912 1411952",3371,TRUE,5,14
"305","D18_TT_Coded.eaf","D18","Visual",3,15,1,1,TRUE,1411979,1414283,"Ga3 Tu15 Ta1 {6 4 *1*} Ch1",1414283,2,"Matcher",1,"T2",1410912,1411952,1040,"Acoustic",1411304,1411709,405,"x","Visual D18 3 15","multi","D18 2","Visual 1","Visual multi D18 1410912 1411952",3371,TRUE,5,14
"306","D9_TT_Coded.eaf","D9","Visual",0,4,2,2,TRUE,183348,202276,"Ga0 Tu4 Ta2 {5 1 *2*} Ch2",205264,1,"Director",1,"T1",184608,194000,9392,"Visual",184608,192460,7852,"x","Visual D9 0 4","multi","D9 1","Visual 2","Visual multi D9 184608 194000",17668,FALSE,0,0
"307","D9_TT_Coded.eaf","D9","Visual",0,4,2,2,TRUE,183348,202276,"Ga0 Tu4 Ta2 {5 1 *2*} Ch2",205264,1,"Director",1,"T1",184608,194000,9392,"Visual",192487,194014,1527,"x","Visual D9 0 4","multi","D9 1","Visual 2","Visual multi D9 184608 194000",17668,FALSE,0,0
"308","D9_TT_Coded.eaf","D9","Visual",0,5,3,3,TRUE,205264,226982,"Ga0 Tu5 Ta3 {8 *3* 4} Ch3",231133,2,"Director",1,"T1",218242,223296,5054,"Visual",218236,223290,5054,"x","Visual D9 0 5","multi","D9 2","Visual 3","Visual multi D9 218242 223296",8740,FALSE,0,0
"309","D9_TT_Coded.eaf","D9","Visual",1,0,3,3,TRUE,454320,465657,"Ga1 Tu0 Ta3 {4 5 *3*} Ch3",466814,1,"Director",1,"T1",458310,462837,4527,"Visual",458310,462837,4527,"x","Visual D9 1 0","multi","D9 1","Visual 3","Visual multi D9 458310 462837",7347,FALSE,0,0
"310","D9_TT_Coded.eaf","D9","Visual",1,1,8,8,TRUE,466814,483037,"Ga1 Tu1 Ta8 {5 *8* 3} Ch8",485023,2,"Director",1,"T1",472013,477688,5675,"Visual",472013,477688,5675,"x","Visual D9 1 1","multi","D9 2","Visual 8","Visual multi D9 472013 477688",11024,TRUE,1,2
"311","D9_TT_Coded.eaf","D9","Visual",1,1,8,8,TRUE,466814,483037,"Ga1 Tu1 Ta8 {5 *8* 3} Ch8",485023,1,"Matcher",1,"T2",476878,478824,1946,"Visual",476878,478824,1946,"x","Visual D9 1 1","multi","D9 1","Visual 8","Visual multi D9 476878 478824",11024,TRUE,1,2
"312","D9_TT_Coded.eaf","D9","Visual",1,1,8,8,TRUE,466814,483037,"Ga1 Tu1 Ta8 {5 *8* 3} Ch8",485023,2,"Director",2,"T3",477872,481304,3432,"Visual",477872,481304,3432,"x","Visual D9 1 1","multi","D9 2","Visual 8","Visual multi D9 477872 481304",11024,TRUE,1,2
"313","D9_TT_Coded.eaf","D9","Visual",1,2,4,4,TRUE,485023,500663,"Ga1 Tu2 Ta4 {6 5 *4*} Ch4",501236,1,"Director",1,"T1",485957,498549,12592,"Visual",485963,488855,2892,"x","Visual D9 1 2","multi","D9 1","Visual 4","Visual multi D9 485957 498549",14706,FALSE,1,2
"314","D9_TT_Coded.eaf","D9","Visual",1,2,4,4,TRUE,485023,500663,"Ga1 Tu2 Ta4 {6 5 *4*} Ch4",501236,1,"Director",1,"T1",485957,498549,12592,"Visual",494864,498553,3689,"x","Visual D9 1 2","multi","D9 1","Visual 4","Visual multi D9 485957 498549",14706,FALSE,1,2
"315","D9_TT_Coded.eaf","D9","Visual",2,3,1,1,TRUE,779282,786584,"Ga2 Tu3 Ta1 {6 4 *1*} Ch1",787130,2,"Director",1,"T1",781728,785039,3311,"Visual",781728,785039,3311,"x","Visual D9 2 3","multi","D9 2","Visual 1","Visual multi D9 781728 785039",4856,FALSE,1,2
"316","D9_TT_Coded.eaf","D9","Visual",2,4,5,6,FALSE,787130,794234,"Ga2 Tu4 Ta5 {7 5 *6*} Ch6",794808,1,"Director",1,"T1",788499,793094,4595,"Visual",788499,793094,4595,"x","Visual D9 2 4","multi","D9 1","Visual 5","Visual multi D9 788499 793094",5735,FALSE,1,2
"317","D9_TT_Coded.eaf","D9","Visual",2,5,4,4,TRUE,794808,801080,"Ga2 Tu5 Ta4 {*4* 7 1} Ch4",800857,2,"Director",1,"T1",795952,798249,2297,"Visual",795952,798249,2297,"x","Visual D9 2 5","multi","D9 2","Visual 4","Visual multi D9 795952 798249",5128,FALSE,1,2
"318","D9_TT_Coded.eaf","D9","Visual",2,6,3,3,TRUE,800857,807697,"Ga2 Tu6 Ta3 {4 5 *3*} Ch3",808944,1,"Director",1,"T1",803507,807020,3513,"Visual",803507,807020,3513,"x","Visual D9 2 6","multi","D9 1","Visual 3","Visual multi D9 803507 807020",4190,FALSE,1,2
"319","D9_TT_Coded.eaf","D9","Visual",2,7,8,8,TRUE,808944,822136,"Ga2 Tu7 Ta8 {5 *8* 3} Ch8",822170,2,"Director",1,"T1",814053,819634,5581,"Visual",814053,819634,5581,"x","Visual D9 2 7","multi","D9 2","Visual 8","Visual multi D9 814053 819634",8083,TRUE,2,3
"320","D9_TT_Coded.eaf","D9","Visual",2,7,8,8,TRUE,808944,822136,"Ga2 Tu7 Ta8 {5 *8* 3} Ch8",822170,1,"Matcher",1,"T2",819039,819891,852,"Visual",819039,819891,852,"x","Visual D9 2 7","multi","D9 1","Visual 8","Visual multi D9 819039 819891",8083,TRUE,2,3
"321","D9_TT_Coded.eaf","D9","Visual",2,8,6,6,TRUE,822170,830185,"Ga2 Tu8 Ta6 {2 *6* 8} Ch6",831136,1,"Director",1,"T1",823877,829377,5500,"Visual",823877,829377,5500,"x","Visual D9 2 8","multi","D9 1","Visual 6","Visual multi D9 823877 829377",6308,FALSE,2,3
"322","D9_TT_Coded.eaf","D9","Visual",2,9,2,2,TRUE,831136,838495,"Ga2 Tu9 Ta2 {*2* 1 4} Ch2",838449,2,"Director",1,"T1",832837,836147,3310,"Visual",832837,836147,3310,"x","Visual D9 2 9","multi","D9 2","Visual 2","Visual multi D9 832837 836147",5658,FALSE,2,3
"323","D9_TT_Coded.eaf","D9","Visual",2,10,4,4,TRUE,838449,844777,"Ga2 Tu10 Ta4 {6 5 *4*} Ch4",846438,1,"Director",1,"T1",839472,842729,3257,"Visual",839472,842729,3257,"x","Visual D9 2 10","multi","D9 1","Visual 4","Visual multi D9 839472 842729",5305,FALSE,2,3
"324","D9_TT_Coded.eaf","D9","Auditory",0,6,6,6,TRUE,1294726,1300966,"Ga0 Tu6 Ta6 {2 *6* 8} Ch6",1302965,1,"Director",1,"T1",1296141,1299412,3271,"Acoustic",1296141,1299412,3271,"x","Auditory D9 0 6","multi","D9 1","Auditory 6","Auditory multi D9 1296141 1299412",4825,FALSE,0,0
"325","D9_TT_Coded.eaf","D9","Auditory",0,7,2,2,TRUE,1302965,1318821,"Ga0 Tu7 Ta2 {*2* 1 4} Ch2",1320500,2,"Director",1,"T1",1306215,1308742,2527,"Visual",1306215,1308742,2527,"x","Auditory D9 0 7","multi","D9 2","Auditory 2","Auditory multi D9 1306215 1308742",12606,TRUE,1,1
"326","D9_TT_Coded.eaf","D9","Auditory",0,7,2,2,TRUE,1302965,1318821,"Ga0 Tu7 Ta2 {*2* 1 4} Ch2",1320500,2,"Director",1,"T1",1306215,1308742,2527,"Acoustic",1306769,1308228,1459,"x","Auditory D9 0 7","multi","D9 2","Auditory 2","Auditory multi D9 1306215 1308742",12606,TRUE,1,1
"327","D9_TT_Coded.eaf","D9","Auditory",0,7,2,2,TRUE,1302965,1318821,"Ga0 Tu7 Ta2 {*2* 1 4} Ch2",1320500,1,"Matcher",1,"T2",1314999,1316243,1244,"Visual",1314999,1316243,1244,"x","Auditory D9 0 7","multi","D9 1","Auditory 2","Auditory multi D9 1314999 1316243",12606,TRUE,1,1
"328","D9_TT_Coded.eaf","D9","Auditory",0,7,2,2,TRUE,1302965,1318821,"Ga0 Tu7 Ta2 {*2* 1 4} Ch2",1320500,1,"Matcher",1,"T2",1314999,1316243,1244,"Acoustic",1315007,1316142,1135,"x","Auditory D9 0 7","multi","D9 1","Auditory 2","Auditory multi D9 1314999 1316243",12606,TRUE,1,1
"329","D9_TT_Coded.eaf","D9","Auditory",0,8,4,5,FALSE,1320500,1337925,"Ga0 Tu8 Ta4 {6 *5* 4} Ch5",1339245,1,"Director",1,"T1",1321594,1323526,1932,"Acoustic",1321594,1323526,1932,"x","Auditory D9 0 8","multi","D9 1","Auditory 4","Auditory multi D9 1321594 1323526",16331,TRUE,2,3
"330","D9_TT_Coded.eaf","D9","Auditory",0,8,4,5,FALSE,1320500,1337925,"Ga0 Tu8 Ta4 {6 *5* 4} Ch5",1339245,2,"Matcher",1,"T2",1334085,1335285,1200,"Visual",1334085,1335285,1200,"x","Auditory D9 0 8","multi","D9 2","Auditory 4","Auditory multi D9 1334085 1335285",16331,TRUE,2,3
"331","D9_TT_Coded.eaf","D9","Auditory",0,8,4,5,FALSE,1320500,1337925,"Ga0 Tu8 Ta4 {6 *5* 4} Ch5",1339245,2,"Matcher",1,"T2",1334085,1335285,1200,"Acoustic",1334492,1335319,827,"x","Auditory D9 0 8","multi","D9 2","Auditory 4","Auditory multi D9 1334085 1335285",16331,TRUE,2,3
"332","D9_TT_Coded.eaf","D9","Auditory",0,8,4,5,FALSE,1320500,1337925,"Ga0 Tu8 Ta4 {6 *5* 4} Ch5",1339245,1,"Director",2,"T3",1335891,1336959,1068,"Acoustic",1335865,1336324,459,"x","Auditory D9 0 8","multi","D9 1","Auditory 4","Auditory multi D9 1335891 1336959",16331,TRUE,2,3
"333","D9_TT_Coded.eaf","D9","Auditory",0,8,4,5,FALSE,1320500,1337925,"Ga0 Tu8 Ta4 {6 *5* 4} Ch5",1339245,1,"Director",2,"T3",1335891,1336959,1068,"Visual",1335891,1336959,1068,"x","Auditory D9 0 8","multi","D9 1","Auditory 4","Auditory multi D9 1335891 1336959",16331,TRUE,2,3
"334","D9_TT_Coded.eaf","D9","Auditory",0,9,7,7,TRUE,1339245,1347428,"Ga0 Tu9 Ta7 {8 *7* 3} Ch7",1351549,2,"Director",1,"T1",1343567,1345594,2027,"Acoustic",1343567,1345594,2027,"x","Auditory D9 0 9","multi","D9 2","Auditory 7","Auditory multi D9 1343567 1345594",3861,FALSE,2,3
"335","D9_TT_Coded.eaf","D9","Auditory",0,9,7,7,TRUE,1339245,1347428,"Ga0 Tu9 Ta7 {8 *7* 3} Ch7",1351549,2,"Director",1,"T1",1343567,1345594,2027,"Visual",1343817,1345601,1784,"x","Auditory D9 0 9","multi","D9 2","Auditory 7","Auditory multi D9 1343567 1345594",3861,FALSE,2,3
"337","D9_TT_Coded.eaf","D9","Auditory",1,9,6,6,TRUE,1534093,1541276,"Ga1 Tu9 Ta6 {*6* 7 8} Ch6",1541882,2,"Director",1,"T1",1538161,1540080,1919,"Acoustic",1538161,1540080,1919,"x","Auditory D9 1 9","multi","D9 2","Auditory 6","Auditory multi D9 1538161 1540080",3115,FALSE,2,3
"338","D9_TT_Coded.eaf","D9","Auditory",1,10,5,5,TRUE,1541882,1547474,"Ga1 Tu10 Ta5 {7 *5* 6} Ch5",1548380,1,"Director",1,"T1",1544431,1545256,825,"Visual",1544431,1545256,825,"x","Auditory D9 1 10","multi","D9 1","Auditory 5","Auditory multi D9 1544431 1545256",3043,FALSE,2,3
"339","D9_TT_Coded.eaf","D9","Auditory",1,11,4,4,TRUE,1548380,1555204,"Ga1 Tu11 Ta4 {*4* 7 1} Ch4",1555410,2,"Director",1,"T1",1550107,1551567,1460,"Acoustic",1550831,1551290,459,"x","Auditory D9 1 11","multi","D9 2","Auditory 4","Auditory multi D9 1550107 1551567",5097,TRUE,3,4
"340","D9_TT_Coded.eaf","D9","Auditory",1,11,4,4,TRUE,1548380,1555204,"Ga1 Tu11 Ta4 {*4* 7 1} Ch4",1555410,1,"Matcher",1,"T2",1552635,1553473,838,"Visual",1552635,1553473,838,"x","Auditory D9 1 11","multi","D9 1","Auditory 4","Auditory multi D9 1552635 1553473",5097,TRUE,3,4
"341","D9_TT_Coded.eaf","D9","Auditory",1,11,4,4,TRUE,1548380,1555204,"Ga1 Tu11 Ta4 {*4* 7 1} Ch4",1555410,1,"Matcher",1,"T2",1552635,1553473,838,"Acoustic",1552750,1553467,717,"x","Auditory D9 1 11","multi","D9 1","Auditory 4","Auditory multi D9 1552635 1553473",5097,TRUE,3,4
"342","D9_TT_Coded.eaf","D9","Auditory",1,12,1,1,TRUE,1555410,1560298,"Ga1 Tu12 Ta1 {*1* 7 2} Ch1",1560868,1,"Director",1,"T1",1557040,1558783,1743,"Visual",1557040,1558783,1743,"x","Auditory D9 1 12","multi","D9 1","Auditory 1","Auditory multi D9 1557040 1558783",3258,FALSE,3,4
"343","D9_TT_Coded.eaf","D9","Auditory",1,12,1,1,TRUE,1555410,1560298,"Ga1 Tu12 Ta1 {*1* 7 2} Ch1",1560868,1,"Director",1,"T1",1557040,1558783,1743,"Acoustic",1557445,1558553,1108,"x","Auditory D9 1 12","multi","D9 1","Auditory 1","Auditory multi D9 1557040 1558783",3258,FALSE,3,4
"344","D9_TT_Coded.eaf","D9","Auditory",3,0,7,7,TRUE,1746710,1753671,"Ga3 Tu0 Ta7 {*7* 2 3} Ch7",1754252,1,"Director",1,"T1",1749175,1751662,2487,"Acoustic",1749175,1751662,2487,"x","Auditory D9 3 0","multi","D9 1","Auditory 7","Auditory multi D9 1749175 1751662",4496,FALSE,3,4
"345","D9_TT_Coded.eaf","D9","Auditory",3,2,3,3,TRUE,1759646,1765422,"Ga3 Tu2 Ta3 {4 5 *3*} Ch3",1766484,1,"Director",1,"T1",1761526,1763216,1690,"Visual",1761526,1763216,1690,"x","Auditory D9 3 2","multi","D9 1","Auditory 3","Auditory multi D9 1761526 1763216",3896,FALSE,3,4
"346","D9_TT_Coded.eaf","D9","Auditory",3,2,3,3,TRUE,1759646,1765422,"Ga3 Tu2 Ta3 {4 5 *3*} Ch3",1766484,1,"Director",1,"T1",1761526,1763216,1690,"Acoustic",1761757,1762919,1162,"x","Auditory D9 3 2","multi","D9 1","Auditory 3","Auditory multi D9 1761526 1763216",3896,FALSE,3,4
"347","D9_TT_Coded.eaf","D9","Auditory",3,3,8,8,TRUE,1766484,1772236,"Ga3 Tu3 Ta8 {5 *8* 3} Ch8",1772526,2,"Director",1,"T1",1769175,1771121,1946,"Visual",1769175,1771121,1946,"x","Auditory D9 3 3","multi","D9 2","Auditory 8","Auditory multi D9 1769175 1771121",3061,FALSE,3,4
"348","D9_TT_Coded.eaf","D9","Auditory",3,3,8,8,TRUE,1766484,1772236,"Ga3 Tu3 Ta8 {5 *8* 3} Ch8",1772526,2,"Director",1,"T1",1769175,1771121,1946,"Acoustic",1769385,1770763,1378,"x","Auditory D9 3 3","multi","D9 2","Auditory 8","Auditory multi D9 1769175 1771121",3061,FALSE,3,4
"349","D9_TT_Coded.eaf","D9","Auditory",3,4,5,5,TRUE,1772526,1780566,"Ga3 Tu4 Ta5 {7 *5* 6} Ch5",1781907,1,"Director",1,"T1",1775201,1775918,717,"Visual",1775201,1775918,717,"x","Auditory D9 3 4","multi","D9 1","Auditory 5","Auditory multi D9 1775201 1775918",5365,FALSE,3,4
"350","D9_TT_Coded.eaf","D9","Auditory",3,4,5,5,TRUE,1772526,1780566,"Ga3 Tu4 Ta5 {7 *5* 6} Ch5",1781907,1,"Director",1,"T1",1775201,1775918,717,"Acoustic",1775350,1775904,554,"x","Auditory D9 3 4","multi","D9 1","Auditory 5","Auditory multi D9 1775201 1775918",5365,FALSE,3,4
"351","D9_TT_Coded.eaf","D9","Auditory",3,5,4,4,TRUE,1781907,1787186,"Ga3 Tu5 Ta4 {*4* 7 1} Ch4",1787086,2,"Director",1,"T1",1783594,1784580,986,"Visual",1783594,1784580,986,"x","Auditory D9 3 5","multi","D9 2","Auditory 4","Auditory multi D9 1783594 1784580",3592,FALSE,3,4
"352","D9_TT_Coded.eaf","D9","Auditory",3,5,4,4,TRUE,1781907,1787186,"Ga3 Tu5 Ta4 {*4* 7 1} Ch4",1787086,2,"Director",1,"T1",1783594,1784580,986,"Acoustic",1784108,1784554,446,"x","Auditory D9 3 5","multi","D9 2","Auditory 4","Auditory multi D9 1783594 1784580",3592,FALSE,3,4
"353","D9_TT_Coded.eaf","D9","Auditory",3,6,6,6,TRUE,1787086,1794143,"Ga3 Tu6 Ta6 {2 *6* 8} Ch6",1795347,1,"Director",1,"T1",1791372,1793466,2094,"Acoustic",1791372,1793466,2094,"x","Auditory D9 3 6","multi","D9 1","Auditory 6","Auditory multi D9 1791372 1793466",2771,FALSE,3,4
"354","D9_TT_Coded.eaf","D9","Auditory",3,7,2,2,TRUE,1795347,1800114,"Ga3 Tu7 Ta2 {*2* 1 4} Ch2",1800278,2,"Director",1,"T1",1796905,1798297,1392,"Acoustic",1796892,1798149,1257,"x","Auditory D9 3 7","multi","D9 2","Auditory 2","Auditory multi D9 1796905 1798297",3209,FALSE,3,4
"355","D9_TT_Coded.eaf","D9","Auditory",3,7,2,2,TRUE,1795347,1800114,"Ga3 Tu7 Ta2 {*2* 1 4} Ch2",1800278,2,"Director",1,"T1",1796905,1798297,1392,"Visual",1796905,1798297,1392,"x","Auditory D9 3 7","multi","D9 2","Auditory 2","Auditory multi D9 1796905 1798297",3209,FALSE,3,4
"356","D9_TT_Coded.eaf","D9","Auditory",3,8,1,1,TRUE,1800278,1806181,"Ga3 Tu8 Ta1 {*1* 7 2} Ch1",1806642,1,"Director",1,"T1",1802675,1804405,1730,"Visual",1802675,1804405,1730,"x","Auditory D9 3 8","multi","D9 1","Auditory 1","Auditory multi D9 1802675 1804405",3506,FALSE,3,4
"357","D9_TT_Coded.eaf","D9","Auditory",3,8,1,1,TRUE,1800278,1806181,"Ga3 Tu8 Ta1 {*1* 7 2} Ch1",1806642,1,"Director",1,"T1",1802675,1804405,1730,"Acoustic",1803007,1804236,1229,"x","Auditory D9 3 8","multi","D9 1","Auditory 1","Auditory multi D9 1802675 1804405",3506,FALSE,3,4
