filename,dyadNumber,condition,game,trial,target,choice,correct,trialStart,trialEnd,trialValue,startOfNextTrial,signallingPlayer,role,turnNumber,turnType,turnStart,turnEnd,turnLength,modality,signalStart,signalEnd,signalLength,signalType
D9_TT_Coded.eaf,D9,Visual,0,0,8,1,Incorrect,59600,74310,Ga0 Tu0 Ta8 {*1* 8 6} Ch1,86156,1,Director,1,"T1",60634,64215,3581,Visual,60634,64215,3581,"X"
D9_TT_Coded.eaf,D9,Visual,0,0,8,1,Incorrect,59600,74310,Ga0 Tu0 Ta8 {*1* 8 6} Ch1,86156,1,Director,1,"T1",60634,64215,3581,Acoustic,61431,64228,2797,"X"
D9_TT_Coded.eaf,D9,Visual,0,1,6,7,Incorrect,86156,115284,Ga0 Tu1 Ta6 {6 *7* 8} Ch7,116600,2,Director,1,"T1",100621,107026,6405,Visual,100621,107026,6405,"X"
D9_TT_Coded.eaf,D9,Visual,0,2,5,6,Incorrect,116600,127806,Ga0 Tu2 Ta5 {7 5 *6*} Ch6,130011,1,Director,1,"T1",119013,125026,6013,Visual,119013,125026,6013,"X"
D9_TT_Coded.eaf,D9,Visual,0,3,4,4,Correct,130011,181289,Ga0 Tu3 Ta4 {*4* 7 1} Ch4,183348,2,Director,1,"T1",160823,169621,8798,Visual,160823,169621,8798,"X"
D9_TT_Coded.eaf,D9,Visual,0,3,4,4,Correct,130011,181289,Ga0 Tu3 Ta4 {*4* 7 1} Ch4,183348,1,Matcher,1,"T2",176634,178620,1986,Visual,176634,178620,1986,"X"
D9_TT_Coded.eaf,D9,Visual,0,4,2,2,Correct,183348,202276,Ga0 Tu4 Ta2 {5 1 *2*} Ch2,205264,1,Director,1,"T1",184026,194418,10392,Visual,184026,194418,10392,"X"
D9_TT_Coded.eaf,D9,Visual,0,5,3,3,Correct,205264,226982,Ga0 Tu5 Ta3 {8 *3* 4} Ch3,231133,2,Director,1,"T1",216823,223229,6406,Visual,216823,223229,6406,"X"
D9_TT_Coded.eaf,D9,Visual,0,6,6,2,Incorrect,231133,244092,Ga0 Tu6 Ta6 {*2* 6 8} Ch2,244831,1,Director,1,"T1",234405,242810,8405,Visual,234405,242810,8405,"X"
D9_TT_Coded.eaf,D9,Visual,0,7,2,2,Correct,244831,272790,Ga0 Tu7 Ta2 {*2* 1 4} Ch2,255259,2,Director,1,"T1",264405,269432,5027,Visual,264405,269432,5027,"X"
D9_TT_Coded.eaf,D9,Visual,0,8,4,4,Correct,255259,290043,Ga0 Tu8 Ta4 {6 5 *4*} Ch4,291844,2,Matcher,1,"T1",264405,269432,5027,Visual,264405,269432,5027,"X"
D9_TT_Coded.eaf,D9,Visual,0,8,4,4,Correct,255259,290043,Ga0 Tu8 Ta4 {6 5 *4*} Ch4,291844,1,Director,1,"T1",279013,283405,4392,Visual,279013,283405,4392,"X"
D9_TT_Coded.eaf,D9,Visual,0,9,7,7,Correct,291844,329426,Ga0 Tu9 Ta7 {8 *7* 3} Ch7,353554,2,Director,1,"T1",299823,307823,8000,Visual,299823,307823,8000,"X"
D9_TT_Coded.eaf,D9,Visual,0,9,7,7,Correct,291844,329426,Ga0 Tu9 Ta7 {8 *7* 3} Ch7,353554,1,Matcher,1,"T2",311621,319824,8203,Visual,311621,319824,8203,"X"
D9_TT_Coded.eaf,D9,Visual,0,9,7,7,Correct,291844,329426,Ga0 Tu9 Ta7 {8 *7* 3} Ch7,353554,1,Matcher,1,"T2",311621,319824,8203,Acoustic,313026,315229,2203,"X"
D9_TT_Coded.eaf,D9,Visual,0,9,7,7,Correct,291844,329426,Ga0 Tu9 Ta7 {8 *7* 3} Ch7,353554,1,Matcher,1,"T2",311621,319824,8203,Acoustic,316025,316823,798,"X"
D9_TT_Coded.eaf,D9,Visual,0,9,7,7,Correct,291844,329426,Ga0 Tu9 Ta7 {8 *7* 3} Ch7,353554,1,Matcher,1,"T2",311621,319824,8203,Acoustic,317241,319836,2595,"X"
D9_TT_Coded.eaf,D9,Visual,0,9,7,7,Correct,291844,329426,Ga0 Tu9 Ta7 {8 *7* 3} Ch7,353554,2,Director,2,"T3",321026,321068,42,Visual,321026,326810,5784,"X"
D9_TT_Coded.eaf,D9,Visual,0,9,7,7,Correct,291844,329426,Ga0 Tu9 Ta7 {8 *7* 3} Ch7,353554,2,Director,3,"T3",321068,344868,23800,Visual,321026,326810,5784,"X"
D9_TT_Coded.eaf,D9,Visual,0,9,7,7,Correct,291844,329426,Ga0 Tu9 Ta7 {8 *7* 3} Ch7,353554,2,Director,3,"T3",321068,344868,23800,Visual,335823,344823,9000,"X"
D9_TT_Coded.eaf,D9,Visual,0,10,3,5,Incorrect,353554,367082,Ga0 Tu10 Ta3 {4 *5* 3} Ch5,368803,1,Director,1,"T1",350418,364837,14419,Visual,350432,356608,6176,"X"
D9_TT_Coded.eaf,D9,Visual,0,10,3,5,Incorrect,353554,367082,Ga0 Tu10 Ta3 {4 *5* 3} Ch5,368803,1,Director,1,"T1",350418,364837,14419,Visual,360012,364823,4811,"X"
D9_TT_Coded.eaf,D9,Visual,0,11,8,8,Correct,368803,387024,Ga0 Tu11 Ta8 {5 *8* 3} Ch8,389146,2,Director,1,"T1",378612,385220,6608,Visual,378612,385220,6608,"X"
D9_TT_Coded.eaf,D9,Visual,0,12,1,1,Correct,389146,400721,Ga0 Tu12 Ta1 {*1* 7 2} Ch1,400241,1,Director,1,"T1",390418,398229,7811,Visual,390418,398229,7811,"X"
D9_TT_Coded.eaf,D9,Visual,0,13,5,5,Correct,400241,417048,Ga0 Tu13 Ta5 {2 3 *5*} Ch5,418521,2,Director,1,"T1",405621,414823,9202,Visual,405621,414823,9202,"X"
D9_TT_Coded.eaf,D9,Visual,0,14,7,7,Correct,418521,436479,Ga0 Tu14 Ta7 {*7* 2 3} Ch7,438295,1,Director,1,"T1",428404,435025,6621,Visual,428404,435025,6621,"X"
D9_TT_Coded.eaf,D9,Visual,0,15,1,1,Correct,438295,446110,Ga0 Tu15 Ta1 {6 4 *1*} Ch1,454320,2,Director,1,"T1",440215,444229,4014,Visual,440215,444229,4014,"X"
D9_TT_Coded.eaf,D9,Visual,1,0,3,3,Correct,454320,465657,Ga1 Tu0 Ta3 {4 5 *3*} Ch3,466814,1,Director,1,"T1",458404,462823,4419,Visual,458404,462823,4419,"X"
D9_TT_Coded.eaf,D9,Visual,1,1,8,8,Correct,466814,483037,Ga1 Tu1 Ta8 {5 *8* 3} Ch8,485023,2,Director,1,"T1",471796,477432,5636,Visual,471796,477432,5636,"X"
D9_TT_Coded.eaf,D9,Visual,1,1,8,8,Correct,466814,483037,Ga1 Tu1 Ta8 {5 *8* 3} Ch8,485023,1,Matcher,1,"T2",477431,478229,798,Visual,477431,478229,798,"X"
D9_TT_Coded.eaf,D9,Visual,1,1,8,8,Correct,466814,483037,Ga1 Tu1 Ta8 {5 *8* 3} Ch8,485023,2,Director,2,"T3",478215,481418,3203,Visual,478215,481418,3203,"X"
D9_TT_Coded.eaf,D9,Visual,1,2,4,4,Correct,485023,500663,Ga1 Tu2 Ta4 {6 5 *4*} Ch4,501236,1,Director,1,"T1",485823,488634,2811,Visual,485823,488634,2811,"X"
D9_TT_Coded.eaf,D9,Visual,1,2,4,4,Correct,485023,500663,Ga1 Tu2 Ta4 {6 5 *4*} Ch4,501236,2,Matcher,1,"T2",494216,494608,392,Visual,494216,494608,392,"X"
D9_TT_Coded.eaf,D9,Visual,1,2,4,4,Correct,485023,500663,Ga1 Tu2 Ta4 {6 5 *4*} Ch4,501236,1,Director,2,"T3",494810,498608,3798,Visual,494810,498608,3798,"X"
D9_TT_Coded.eaf,D9,Visual,1,3,7,8,Incorrect,501236,552938,Ga1 Tu3 Ta7 {*8* 7 3} Ch8,556710,2,Director,1,"T1",505824,514418,8594,Visual,505824,514418,8594,"X"
D9_TT_Coded.eaf,D9,Visual,1,3,7,8,Incorrect,501236,552938,Ga1 Tu3 Ta7 {*8* 7 3} Ch8,556710,1,Matcher,1,"T2",514403,543632,29229,Visual,514425,516614,2189,"X"
D9_TT_Coded.eaf,D9,Visual,1,3,7,8,Incorrect,501236,552938,Ga1 Tu3 Ta7 {*8* 7 3} Ch8,556710,1,Matcher,1,"T2",514403,543632,29229,Visual,519241,522011,2770,"X"
D9_TT_Coded.eaf,D9,Visual,1,3,7,8,Incorrect,501236,552938,Ga1 Tu3 Ta7 {*8* 7 3} Ch8,556710,1,Matcher,1,"T2",514403,543632,29229,Visual,536404,543621,7217,"X"
D9_TT_Coded.eaf,D9,Visual,1,3,7,8,Incorrect,501236,552938,Ga1 Tu3 Ta7 {*8* 7 3} Ch8,556710,2,Director,2,"T3",543621,550418,6797,Visual,543621,550418,6797,"X"
D9_TT_Coded.eaf,D9,Visual,1,4,6,6,Correct,556710,582189,Ga1 Tu4 Ta6 {2 *6* 8} Ch6,584594,1,Director,1,"T1",566025,573012,6987,Visual,566025,573012,6987,"X"
D9_TT_Coded.eaf,D9,Visual,1,4,6,6,Correct,556710,582189,Ga1 Tu4 Ta6 {2 *6* 8} Ch6,584594,2,Matcher,1,"T2",573228,575837,2609,Visual,573228,575837,2609,"X"
D9_TT_Coded.eaf,D9,Visual,1,4,6,6,Correct,556710,582189,Ga1 Tu4 Ta6 {2 *6* 8} Ch6,584594,1,Director,2,"T3",576822,581025,4203,Visual,576822,581025,4203,"X"
D9_TT_Coded.eaf,D9,Visual,1,5,2,2,Correct,584594,591745,Ga1 Tu5 Ta2 {*2* 1 4} Ch2,592830,2,Director,1,"T1",585620,590837,5217,Visual,585620,590837,5217,"X"
D9_TT_Coded.eaf,D9,Visual,1,6,8,8,Correct,592830,607373,Ga1 Tu6 Ta8 {1 *8* 6} Ch8,610408,1,Director,1,"T1",599647,606823,7176,Visual,599647,606823,7176,"X"
D9_TT_Coded.eaf,D9,Visual,1,7,3,3,Correct,610408,617488,Ga1 Tu7 Ta3 {8 *3* 4} Ch3,618693,2,Director,1,"T1",612608,616810,4202,Visual,612608,616810,4202,"X"
D9_TT_Coded.eaf,D9,Visual,1,8,2,2,Correct,618693,625269,Ga1 Tu8 Ta2 {5 1 *2*} Ch2,625399,1,Director,1,"T1",619418,624026,4608,Visual,619418,624026,4608,"X"
D9_TT_Coded.eaf,D9,Visual,1,9,6,6,Correct,625399,634207,Ga1 Tu9 Ta6 {*6* 7 8} Ch6,636621,2,Director,1,"T1",629026,633823,4797,Visual,629026,633823,4797,"X"
D9_TT_Coded.eaf,D9,Visual,1,10,5,5,Correct,636621,646260,Ga1 Tu10 Ta5 {7 *5* 6} Ch5,647695,1,Director,1,"T1",638608,644608,6000,Visual,638608,644608,6000,"X"
D9_TT_Coded.eaf,D9,Visual,1,11,4,4,Correct,647695,654919,Ga1 Tu11 Ta4 {*4* 7 1} Ch4,655341,2,Director,1,"T1",649228,653418,4190,Visual,649228,653418,4190,"X"
D9_TT_Coded.eaf,D9,Visual,1,12,1,1,Correct,655341,665676,Ga1 Tu12 Ta1 {*1* 7 2} Ch1,665686,1,Director,1,"T1",657418,662229,4811,Visual,657418,662229,4811,"X"
D9_TT_Coded.eaf,D9,Visual,1,13,5,5,Correct,665686,676181,Ga1 Tu13 Ta5 {2 3 *5*} Ch5,677164,2,Director,1,"T1",669620,674417,4797,Visual,669620,674417,4797,"X"
D9_TT_Coded.eaf,D9,Visual,1,14,7,7,Correct,677164,687724,Ga1 Tu14 Ta7 {*7* 2 3} Ch7,691268,1,Director,1,"T1",682229,688026,5797,Visual,682229,688026,5797,"X"
D9_TT_Coded.eaf,D9,Visual,2,0,2,2,Correct,703683,760035,Ga2 Tu0 Ta2 {5 1 *2*} Ch2,759618,1,Director,1,"T1",753634,757823,4189,Visual,753634,757823,4189,"X"
D9_TT_Coded.eaf,D9,Visual,2,1,3,3,Correct,759618,768642,Ga2 Tu1 Ta3 {8 *3* 4} Ch3,770058,2,Director,1,"T1",763026,766418,3392,Visual,763026,766418,3392,"X"
D9_TT_Coded.eaf,D9,Visual,2,2,7,7,Correct,770058,777458,Ga2 Tu2 Ta7 {*7* 2 3} Ch7,779282,1,Director,1,"T1",772823,778026,5203,Visual,772823,778026,5203,"X"
D9_TT_Coded.eaf,D9,Visual,2,3,1,1,Correct,779282,786584,Ga2 Tu3 Ta1 {6 4 *1*} Ch1,787130,2,Director,1,"T1",781418,785418,4000,Visual,781418,785418,4000,"X"
D9_TT_Coded.eaf,D9,Visual,2,4,5,6,Incorrect,787130,794234,Ga2 Tu4 Ta5 {7 5 *6*} Ch6,794808,1,Director,1,"T1",788216,793405,5189,Visual,788216,793405,5189,"X"
D9_TT_Coded.eaf,D9,Visual,2,5,4,4,Correct,794808,801080,Ga2 Tu5 Ta4 {*4* 7 1} Ch4,800857,2,Director,1,"T1",795837,798431,2594,Visual,795837,798431,2594,"X"
D9_TT_Coded.eaf,D9,Visual,2,6,3,3,Correct,800857,807697,Ga2 Tu6 Ta3 {4 5 *3*} Ch3,808944,1,Director,1,"T1",803418,807229,3811,Visual,803418,807229,3811,"X"
D9_TT_Coded.eaf,D9,Visual,2,7,8,8,Correct,808944,822136,Ga2 Tu7 Ta8 {5 *8* 3} Ch8,822170,2,Director,1,"T1",813797,813803,6,Visual,813803,819614,5811,"X"
D9_TT_Coded.eaf,D9,Visual,2,7,8,8,Correct,808944,822136,Ga2 Tu7 Ta8 {5 *8* 3} Ch8,822170,2,Director,2,"T1",813803,819614,5811,Visual,813803,819614,5811,"X"
D9_TT_Coded.eaf,D9,Visual,2,8,6,6,Correct,822170,830185,Ga2 Tu8 Ta6 {2 *6* 8} Ch6,831136,1,Director,1,"T1",823823,829634,5811,Visual,823823,829634,5811,"X"
D9_TT_Coded.eaf,D9,Visual,2,9,2,2,Correct,831136,838495,Ga2 Tu9 Ta2 {*2* 1 4} Ch2,838449,2,Director,1,"T1",832823,836229,3406,Visual,832823,836229,3406,"X"
D9_TT_Coded.eaf,D9,Visual,2,10,4,4,Correct,838449,844777,Ga2 Tu10 Ta4 {6 5 *4*} Ch4,846438,1,Director,1,"T1",839418,842823,3405,Visual,839418,842823,3405,"X"
D9_TT_Coded.eaf,D9,Visual,2,11,7,8,Incorrect,846438,857158,Ga2 Tu11 Ta7 {*8* 7 3} Ch8,858265,2,Director,1,"T1",850026,856418,6392,Visual,850026,856418,6392,"X"
D9_TT_Coded.eaf,D9,Visual,2,13,6,6,Correct,859462,877645,Ga2 Tu13 Ta6 {*6* 7 8} Ch6,877984,1,Matcher,1,"T1",860202,861810,1608,Visual,860202,861810,1608,"X"
D9_TT_Coded.eaf,D9,Visual,2,12,8,8,Correct,858265,866753,Ga2 Tu12 Ta8 {1 *8* 6} Ch8,859462,1,Director,1,"T1",860202,861810,1608,Visual,860202,861810,1608,"X"
D9_TT_Coded.eaf,D9,Visual,2,13,6,6,Correct,859462,877645,Ga2 Tu13 Ta6 {*6* 7 8} Ch6,877984,2,Director,1,"T1",871823,876418,4595,Visual,871823,876418,4595,"X"
D9_TT_Coded.eaf,D9,Visual,2,14,1,1,Correct,877984,884720,Ga2 Tu14 Ta1 {*1* 7 2} Ch1,885149,1,Director,1,"T1",879620,882620,3000,Visual,879620,882620,3000,"X"
D9_TT_Coded.eaf,D9,Visual,2,15,5,5,Correct,885149,895510,Ga2 Tu15 Ta5 {2 3 *5*} Ch5,901295,2,Director,1,"T1",887809,893823,6014,Visual,887809,893823,6014,"X"
D9_TT_Coded.eaf,D9,Visual,3,0,7,7,Correct,901295,911568,Ga3 Tu0 Ta7 {*7* 2 3} Ch7,911292,1,Director,1,"T1",905417,909417,4000,Visual,905417,909417,4000,"X"
D9_TT_Coded.eaf,D9,Visual,3,1,1,1,Correct,911292,917652,Ga3 Tu1 Ta1 {6 4 *1*} Ch1,918655,2,Director,1,"T1",913607,917026,3419,Visual,913607,917026,3419,"X"
D9_TT_Coded.eaf,D9,Visual,3,2,3,3,Correct,918655,922767,Ga3 Tu2 Ta3 {4 5 *3*} Ch3,923132,1,Director,1,"T1",918404,919620,1216,Visual,918404,919620,1216,"X"
D9_TT_Coded.eaf,D9,Visual,3,3,8,8,Correct,923132,931195,Ga3 Tu3 Ta8 {5 *8* 3} Ch8,931903,2,Director,1,"T1",925810,930242,4432,Visual,925810,930242,4432,"X"
D9_TT_Coded.eaf,D9,Visual,3,4,5,5,Correct,931903,936415,Ga3 Tu4 Ta5 {7 *5* 6} Ch5,937459,1,Director,1,"T1",932216,935621,3405,Visual,932216,935621,3405,"X"
D9_TT_Coded.eaf,D9,Visual,3,5,4,4,Correct,937459,941219,Ga3 Tu5 Ta4 {*4* 7 1} Ch4,941672,2,Director,1,"T1",937391,940229,2838,Visual,937391,940229,2838,"X"
D9_TT_Coded.eaf,D9,Visual,3,6,6,6,Correct,941672,948503,Ga3 Tu6 Ta6 {2 *6* 8} Ch6,947203,1,Director,1,"T1",943810,945608,1798,Visual,943810,945608,1798,"X"
D9_TT_Coded.eaf,D9,Visual,3,7,2,2,Correct,947203,952842,Ga3 Tu7 Ta2 {*2* 1 4} Ch2,953119,2,Director,1,"T1",949216,951621,2405,Visual,949216,951621,2405,"X"
D9_TT_Coded.eaf,D9,Visual,3,8,1,1,Correct,953119,958687,Ga3 Tu8 Ta1 {*1* 7 2} Ch1,958563,1,Director,1,"T1",953621,957026,3405,Visual,953621,957026,3405,"X"
D9_TT_Coded.eaf,D9,Visual,3,9,5,5,Correct,958563,966849,Ga3 Tu9 Ta5 {2 3 *5*} Ch5,967359,2,Director,1,"T1",961215,965621,4406,Visual,961215,965621,4406,"X"
D9_TT_Coded.eaf,D9,Visual,3,10,2,2,Correct,967359,971647,Ga3 Tu10 Ta2 {5 1 *2*} Ch2,972602,1,Director,1,"T1",967823,970836,3013,Visual,967823,970836,3013,"X"
D9_TT_Coded.eaf,D9,Visual,3,11,3,3,Correct,972602,990425,Ga3 Tu11 Ta3 {8 *3* 4} Ch3,979190,2,Director,1,"T1",972621,977418,4797,Visual,972621,977418,4797,"X"
D9_TT_Coded.eaf,D9,Visual,3,11,3,3,Correct,972602,990425,Ga3 Tu11 Ta3 {8 *3* 4} Ch3,979190,1,Matcher,1,"T2",980823,986026,5203,Visual,980823,986026,5203,"X"
D9_TT_Coded.eaf,D9,Visual,3,12,8,8,Correct,979190,1003694,Ga3 Tu12 Ta8 {1 *8* 6} Ch8,998417,1,Director,1,"T2",980823,986026,5203,Visual,980823,986026,5203,"X"
D9_TT_Coded.eaf,D9,Visual,3,11,3,3,Correct,972602,990425,Ga3 Tu11 Ta3 {8 *3* 4} Ch3,979190,2,Director,2,"T3",981025,983228,2203,Visual,981025,983228,2203,"X"
D9_TT_Coded.eaf,D9,Visual,3,12,8,8,Correct,979190,1003694,Ga3 Tu12 Ta8 {1 *8* 6} Ch8,998417,2,Matcher,1,"T3",981025,983228,2203,Visual,981025,983228,2203,"X"
D9_TT_Coded.eaf,D9,Visual,3,11,3,3,Correct,972602,990425,Ga3 Tu11 Ta3 {8 *3* 4} Ch3,979190,2,Director,3,"T4",986026,989418,3392,Visual,986026,989418,3392,"X"
D9_TT_Coded.eaf,D9,Visual,3,12,8,8,Correct,979190,1003694,Ga3 Tu12 Ta8 {1 *8* 6} Ch8,998417,2,Matcher,2,"T4",986026,989418,3392,Visual,986026,989418,3392,"X"
D9_TT_Coded.eaf,D9,Visual,3,12,8,8,Correct,979190,1003694,Ga3 Tu12 Ta8 {1 *8* 6} Ch8,998417,1,Director,2,"T1",993026,996026,3000,Visual,993026,996026,3000,"X"
D9_TT_Coded.eaf,D9,Visual,3,13,6,6,Correct,998417,1010641,Ga3 Tu13 Ta6 {*6* 7 8} Ch6,1010726,2,Director,1,"T1",996991,1009046,12055,Visual,996999,999026,2027,"X"
D9_TT_Coded.eaf,D9,Visual,3,12,8,8,Correct,979190,1003694,Ga3 Tu12 Ta8 {1 *8* 6} Ch8,998417,2,Matcher,3,"T1",996991,1009046,12055,Visual,996999,999026,2027,"X"
D9_TT_Coded.eaf,D9,Visual,3,13,6,6,Correct,998417,1010641,Ga3 Tu13 Ta6 {*6* 7 8} Ch6,1010726,2,Director,1,"T1",996991,1009046,12055,Visual,1004824,1009040,4216,"X"
D9_TT_Coded.eaf,D9,Visual,3,12,8,8,Correct,979190,1003694,Ga3 Tu12 Ta8 {1 *8* 6} Ch8,998417,2,Matcher,3,"T1",996991,1009046,12055,Visual,1004824,1009040,4216,"X"
D9_TT_Coded.eaf,D9,Visual,3,14,4,4,Correct,1010726,1016294,Ga3 Tu14 Ta4 {6 5 *4*} Ch4,1018096,1,Director,1,"T1",1012215,1014715,2500,Visual,1012215,1014715,2500,"X"
D9_TT_Coded.eaf,D9,Visual,3,15,7,7,Correct,1018096,1050318,Ga3 Tu15 Ta7 {8 *7* 3} Ch7,1154969,2,Director,1,"T1",1019189,1026013,6824,Visual,1019189,1026013,6824,"X"
D9_TT_Coded.eaf,D9,Visual,3,15,7,7,Correct,1018096,1050318,Ga3 Tu15 Ta7 {8 *7* 3} Ch7,1154969,1,Matcher,1,"T2",1027019,1031046,4027,Visual,1027026,1029620,2594,"X"
D9_TT_Coded.eaf,D9,Visual,3,15,7,7,Correct,1018096,1050318,Ga3 Tu15 Ta7 {8 *7* 3} Ch7,1154969,1,Matcher,1,"T2",1027019,1031046,4027,Visual,1030012,1031039,1027,"X"
D9_TT_Coded.eaf,D9,Visual,3,15,7,7,Correct,1018096,1050318,Ga3 Tu15 Ta7 {8 *7* 3} Ch7,1154969,2,Director,2,"T3",1031816,1034411,2595,Visual,1031816,1034411,2595,"X"
D9_TT_Coded.eaf,D9,Visual,3,15,7,7,Correct,1018096,1050318,Ga3 Tu15 Ta7 {8 *7* 3} Ch7,1154969,1,Matcher,2,"T4",1034417,1036025,1608,Visual,1034417,1036025,1608,"X"
D9_TT_Coded.eaf,D9,Visual,3,15,7,7,Correct,1018096,1050318,Ga3 Tu15 Ta7 {8 *7* 3} Ch7,1154969,2,Director,3,"T5",1036011,1048025,12014,Visual,1036025,1037417,1392,"X"
D9_TT_Coded.eaf,D9,Visual,3,15,7,7,Correct,1018096,1050318,Ga3 Tu15 Ta7 {8 *7* 3} Ch7,1154969,2,Director,3,"T5",1036011,1048025,12014,Visual,1042202,1048013,5811,"X"
D9_TT_Coded.eaf,D9,Auditory,0,0,8,6,Incorrect,1154969,1168536,Ga0 Tu0 Ta8 {1 8 *6*} Ch6,1169139,1,Director,1,"T1",1160431,1163823,3392,Visual,1160431,1163823,3392,"X"
D9_TT_Coded.eaf,D9,Auditory,0,0,8,6,Incorrect,1154969,1168536,Ga0 Tu0 Ta8 {1 8 *6*} Ch6,1169139,1,Director,1,"T1",1160431,1163823,3392,Acoustic,1160620,1163620,3000,"X"
D9_TT_Coded.eaf,D9,Auditory,0,1,6,8,Incorrect,1169139,1214425,Ga0 Tu1 Ta6 {6 7 *8*} Ch8,1218863,2,Director,1,"T1",1178416,1207034,28618,Visual,1178410,1180815,2405,"X"
D9_TT_Coded.eaf,D9,Auditory,0,1,6,8,Incorrect,1169139,1214425,Ga0 Tu1 Ta6 {6 7 *8*} Ch8,1218863,2,Director,1,"T1",1178416,1207034,28618,Visual,1204023,1207023,3000,"X"
D9_TT_Coded.eaf,D9,Auditory,0,1,6,8,Incorrect,1169139,1214425,Ga0 Tu1 Ta6 {6 7 *8*} Ch8,1218863,1,Matcher,1,"T2",1208415,1211415,3000,Visual,1208415,1211415,3000,"X"
D9_TT_Coded.eaf,D9,Auditory,0,1,6,8,Incorrect,1169139,1214425,Ga0 Tu1 Ta6 {6 7 *8*} Ch8,1218863,1,Matcher,1,"T2",1208415,1211415,3000,Acoustic,1209016,1211435,2419,"X"
D9_TT_Coded.eaf,D9,Auditory,0,2,5,5,Correct,1218863,1227104,Ga0 Tu2 Ta5 {7 *5* 6} Ch5,1229896,1,Director,1,"T1",1218824,1220026,1202,Visual,1218824,1220026,1202,"X"
D9_TT_Coded.eaf,D9,Auditory,0,2,5,5,Correct,1218863,1227104,Ga0 Tu2 Ta5 {7 *5* 6} Ch5,1229896,1,Director,1,"T1",1218824,1220026,1202,Acoustic,1219026,1219621,595,"X"
D9_TT_Coded.eaf,D9,Auditory,0,3,4,4,Correct,1229896,1245256,Ga0 Tu3 Ta4 {*4* 7 1} Ch4,1246432,2,Director,1,"T1",1233000,1233405,405,Acoustic,1233000,1233405,405,"X"
D9_TT_Coded.eaf,D9,Auditory,0,3,4,4,Correct,1229896,1245256,Ga0 Tu3 Ta4 {*4* 7 1} Ch4,1246432,2,Director,1,"T1",1233000,1233405,405,Visual,1233000,1233405,405,"X"
D9_TT_Coded.eaf,D9,Auditory,0,4,2,2,Correct,1246432,1255319,Ga0 Tu4 Ta2 {5 1 *2*} Ch2,1272871,1,Director,1,"T1",1251627,1255411,3784,Visual,1251634,1255026,3392,"X"
D9_TT_Coded.eaf,D9,Auditory,0,4,2,2,Correct,1246432,1255319,Ga0 Tu4 Ta2 {5 1 *2*} Ch2,1272871,1,Director,1,"T1",1251627,1255411,3784,Acoustic,1252607,1255431,2824,"X"
D9_TT_Coded.eaf,D9,Auditory,0,5,3,3,Correct,1272871,1289566,Ga0 Tu5 Ta3 {8 *3* 4} Ch3,1294726,2,Director,1,"T1",1270011,1284023,14012,Visual,1270012,1272214,2202,"X"
D9_TT_Coded.eaf,D9,Auditory,0,5,3,3,Correct,1272871,1289566,Ga0 Tu5 Ta3 {8 *3* 4} Ch3,1294726,2,Director,1,"T1",1270011,1284023,14012,Acoustic,1271228,1272228,1000,"X"
D9_TT_Coded.eaf,D9,Auditory,0,5,3,3,Correct,1272871,1289566,Ga0 Tu5 Ta3 {8 *3* 4} Ch3,1294726,2,Director,1,"T1",1270011,1284023,14012,Visual,1280391,1284013,3622,"X"
D9_TT_Coded.eaf,D9,Auditory,0,5,3,3,Correct,1272871,1289566,Ga0 Tu5 Ta3 {8 *3* 4} Ch3,1294726,2,Director,1,"T1",1270011,1284023,14012,Acoustic,1281033,1283817,2784,"X"
D9_TT_Coded.eaf,D9,Auditory,0,6,6,6,Correct,1294726,1300966,Ga0 Tu6 Ta6 {2 *6* 8} Ch6,1302965,1,Director,1,"T1",1295824,1299621,3797,Visual,1295824,1299621,3797,"X"
D9_TT_Coded.eaf,D9,Auditory,0,6,6,6,Correct,1294726,1300966,Ga0 Tu6 Ta6 {2 *6* 8} Ch6,1302965,1,Director,1,"T1",1295824,1299621,3797,Acoustic,1296418,1299418,3000,"X"
D9_TT_Coded.eaf,D9,Auditory,0,7,2,2,Correct,1302965,1318821,Ga0 Tu7 Ta2 {*2* 1 4} Ch2,1320500,2,Director,1,"T1",1305418,1309026,3608,Visual,1305418,1309026,3608,"X"
D9_TT_Coded.eaf,D9,Auditory,0,7,2,2,Correct,1302965,1318821,Ga0 Tu7 Ta2 {*2* 1 4} Ch2,1320500,2,Director,1,"T1",1305418,1309026,3608,Acoustic,1306810,1308418,1608,"X"
D9_TT_Coded.eaf,D9,Auditory,0,8,4,5,Incorrect,1320500,1337925,Ga0 Tu8 Ta4 {6 *5* 4} Ch5,1339245,1,Director,1,"T1",1321600,1324032,2432,Visual,1321600,1324032,2432,"X"
D9_TT_Coded.eaf,D9,Auditory,0,8,4,5,Incorrect,1320500,1337925,Ga0 Tu8 Ta4 {6 *5* 4} Ch5,1339245,1,Director,1,"T1",1321600,1324032,2432,Acoustic,1321828,1322220,392,"X"
D9_TT_Coded.eaf,D9,Auditory,0,8,4,5,Incorrect,1320500,1337925,Ga0 Tu8 Ta4 {6 *5* 4} Ch5,1339245,1,Director,1,"T1",1321600,1324032,2432,Acoustic,1323024,1323835,811,"X"
D9_TT_Coded.eaf,D9,Auditory,0,8,4,5,Incorrect,1320500,1337925,Ga0 Tu8 Ta4 {6 *5* 4} Ch5,1339245,2,Matcher,1,"T1",1334418,1335418,1000,Visual,1334418,1335418,1000,"X"
D9_TT_Coded.eaf,D9,Auditory,0,8,4,5,Incorrect,1320500,1337925,Ga0 Tu8 Ta4 {6 *5* 4} Ch5,1339245,1,Director,2,"T1",1335824,1336824,1000,Visual,1335824,1336824,1000,"X"
D9_TT_Coded.eaf,D9,Auditory,0,8,4,5,Incorrect,1320500,1337925,Ga0 Tu8 Ta4 {6 *5* 4} Ch5,1339245,1,Director,2,"T1",1335824,1336824,1000,Acoustic,1336020,1336614,594,"X"
D9_TT_Coded.eaf,D9,Auditory,0,9,7,7,Correct,1339245,1347428,Ga0 Tu9 Ta7 {8 *7* 3} Ch7,1351549,2,Director,1,"T1",1343608,1345810,2202,Acoustic,1343608,1345810,2202,"X"
D9_TT_Coded.eaf,D9,Auditory,0,9,7,7,Correct,1339245,1347428,Ga0 Tu9 Ta7 {8 *7* 3} Ch7,1351549,2,Director,1,"T1",1343608,1345810,2202,Visual,1343608,1345810,2202,"X"
D9_TT_Coded.eaf,D9,Auditory,0,10,3,3,Correct,1351549,1361173,Ga0 Tu10 Ta3 {4 5 *3*} Ch3,1361619,1,Director,1,"T1",1354620,1356620,2000,Visual,1354620,1356620,2000,"X"
D9_TT_Coded.eaf,D9,Auditory,0,10,3,3,Correct,1351549,1361173,Ga0 Tu10 Ta3 {4 5 *3*} Ch3,1361619,1,Director,1,"T1",1354620,1356620,2000,Acoustic,1354816,1356613,1797,"X"
D9_TT_Coded.eaf,D9,Auditory,0,11,8,8,Correct,1361619,1371018,Ga0 Tu11 Ta8 {5 *8* 3} Ch8,1372613,2,Director,1,"T1",1367823,1369837,2014,Visual,1367823,1369837,2014,"X"
D9_TT_Coded.eaf,D9,Auditory,0,11,8,8,Correct,1361619,1371018,Ga0 Tu11 Ta8 {5 *8* 3} Ch8,1372613,2,Director,1,"T1",1367823,1369837,2014,Acoustic,1368187,1369822,1635,"X"
D9_TT_Coded.eaf,D9,Auditory,0,12,1,1,Correct,1372613,1378597,Ga0 Tu12 Ta1 {*1* 7 2} Ch1,1380100,1,Director,1,"T1",1374621,1377229,2608,Visual,1374621,1377229,2608,"X"
D9_TT_Coded.eaf,D9,Auditory,0,12,1,1,Correct,1372613,1378597,Ga0 Tu12 Ta1 {*1* 7 2} Ch1,1380100,1,Director,1,"T1",1374621,1377229,2608,Acoustic,1375823,1377026,1203,"X"
D9_TT_Coded.eaf,D9,Auditory,0,13,5,5,Correct,1380100,1389082,Ga0 Tu13 Ta5 {2 3 *5*} Ch5,1387437,2,Director,1,"T1",1381418,1382215,797,Visual,1381418,1382215,797,"X"
D9_TT_Coded.eaf,D9,Auditory,0,13,5,5,Correct,1380100,1389082,Ga0 Tu13 Ta5 {2 3 *5*} Ch5,1387437,2,Director,1,"T1",1381418,1382215,797,Acoustic,1381620,1382025,405,"X"
D9_TT_Coded.eaf,D9,Auditory,0,14,7,7,Correct,1387437,1405349,Ga0 Tu14 Ta7 {*7* 2 3} Ch7,1408378,1,Director,1,"T1",1392411,1402411,10000,Visual,1392418,1396418,4000,"X"
D9_TT_Coded.eaf,D9,Auditory,0,14,7,7,Correct,1387437,1405349,Ga0 Tu14 Ta7 {*7* 2 3} Ch7,1408378,1,Director,1,"T1",1392411,1402411,10000,Acoustic,1393816,1396019,2203,"X"
D9_TT_Coded.eaf,D9,Auditory,0,14,7,7,Correct,1387437,1405349,Ga0 Tu14 Ta7 {*7* 2 3} Ch7,1408378,1,Director,1,"T1",1392411,1402411,10000,Visual,1400607,1402418,1811,"X"
D9_TT_Coded.eaf,D9,Auditory,0,14,7,7,Correct,1387437,1405349,Ga0 Tu14 Ta7 {*7* 2 3} Ch7,1408378,1,Director,1,"T1",1392411,1402411,10000,Acoustic,1400613,1402221,1608,"X"
D9_TT_Coded.eaf,D9,Auditory,0,15,1,1,Correct,1408378,1414810,Ga0 Tu15 Ta1 {6 4 *1*} Ch1,1420828,2,Director,1,"T1",1410214,1413214,3000,Visual,1410214,1413214,3000,"X"
D9_TT_Coded.eaf,D9,Auditory,0,15,1,1,Correct,1408378,1414810,Ga0 Tu15 Ta1 {6 4 *1*} Ch1,1420828,2,Director,1,"T1",1410214,1413214,3000,Acoustic,1411612,1413018,1406,"X"
D9_TT_Coded.eaf,D9,Auditory,1,0,3,3,Correct,1420828,1429052,Ga1 Tu0 Ta3 {4 5 *3*} Ch3,1429945,1,Director,1,"T1",1424404,1426418,2014,Visual,1424404,1426418,2014,"X"
D9_TT_Coded.eaf,D9,Auditory,1,0,3,3,Correct,1420828,1429052,Ga1 Tu0 Ta3 {4 5 *3*} Ch3,1429945,1,Director,1,"T1",1424404,1426418,2014,Acoustic,1425026,1426228,1202,"X"
D9_TT_Coded.eaf,D9,Auditory,1,1,8,8,Correct,1429945,1436296,Ga1 Tu1 Ta8 {5 *8* 3} Ch8,1437619,2,Director,1,"T1",1433824,1435621,1797,Visual,1433824,1435621,1797,"X"
D9_TT_Coded.eaf,D9,Auditory,1,1,8,8,Correct,1429945,1436296,Ga1 Tu1 Ta8 {5 *8* 3} Ch8,1437619,2,Director,1,"T1",1433824,1435621,1797,Acoustic,1434012,1435634,1622,"X"
D9_TT_Coded.eaf,D9,Auditory,1,2,4,4,Correct,1437619,1452892,Ga1 Tu2 Ta4 {6 5 *4*} Ch4,1454320,1,Director,1,"T1",1440607,1441621,1014,Visual,1440607,1441621,1014,"X"
D9_TT_Coded.eaf,D9,Auditory,1,2,4,4,Correct,1437619,1452892,Ga1 Tu2 Ta4 {6 5 *4*} Ch4,1454320,1,Director,1,"T1",1440607,1441621,1014,Acoustic,1441026,1441621,595,"X"
D9_TT_Coded.eaf,D9,Auditory,1,2,4,4,Correct,1437619,1452892,Ga1 Tu2 Ta4 {6 5 *4*} Ch4,1454320,2,Matcher,1,"T2",1449418,1450823,1405,Visual,1449418,1450823,1405,"X"
D9_TT_Coded.eaf,D9,Auditory,1,2,4,4,Correct,1437619,1452892,Ga1 Tu2 Ta4 {6 5 *4*} Ch4,1454320,1,Director,2,"T3",1449789,1450613,824,Acoustic,1449789,1450208,419,"X"
D9_TT_Coded.eaf,D9,Auditory,1,2,4,4,Correct,1437619,1452892,Ga1 Tu2 Ta4 {6 5 *4*} Ch4,1454320,1,Director,2,"T3",1449789,1450613,824,Visual,1449789,1450613,824,"X"
D9_TT_Coded.eaf,D9,Auditory,1,2,4,4,Correct,1437619,1452892,Ga1 Tu2 Ta4 {6 5 *4*} Ch4,1454320,2,Matcher,1,"T2",1449418,1450823,1405,Acoustic,1449816,1450829,1013,"X"
D9_TT_Coded.eaf,D9,Auditory,1,3,7,7,Correct,1454320,1472735,Ga1 Tu3 Ta7 {8 *7* 3} Ch7,1472619,2,Director,1,"T1",1457216,1460634,3418,Visual,1457216,1460634,3418,"X"
D9_TT_Coded.eaf,D9,Auditory,1,3,7,7,Correct,1454320,1472735,Ga1 Tu3 Ta7 {8 *7* 3} Ch7,1472619,2,Director,1,"T1",1457216,1460634,3418,Acoustic,1458229,1460648,2419,"X"
D9_TT_Coded.eaf,D9,Auditory,1,3,7,7,Correct,1454320,1472735,Ga1 Tu3 Ta7 {8 *7* 3} Ch7,1472619,1,Matcher,1,"T2",1465027,1470040,5013,Visual,1465027,1466216,1189,"X"
D9_TT_Coded.eaf,D9,Auditory,1,3,7,7,Correct,1454320,1472735,Ga1 Tu3 Ta7 {8 *7* 3} Ch7,1472619,1,Matcher,1,"T2",1465027,1470040,5013,Acoustic,1465222,1466019,797,"X"
D9_TT_Coded.eaf,D9,Auditory,1,3,7,7,Correct,1454320,1472735,Ga1 Tu3 Ta7 {8 *7* 3} Ch7,1472619,1,Matcher,1,"T2",1465027,1470040,5013,Visual,1467390,1470038,2648,"X"
D9_TT_Coded.eaf,D9,Auditory,1,3,7,7,Correct,1454320,1472735,Ga1 Tu3 Ta7 {8 *7* 3} Ch7,1472619,1,Matcher,1,"T2",1465027,1470040,5013,Acoustic,1468011,1470024,2013,"X"
D9_TT_Coded.eaf,D9,Auditory,1,4,6,6,Correct,1472619,1482867,Ga1 Tu4 Ta6 {2 *6* 8} Ch6,1487279,1,Director,1,"T1",1479026,1482229,3203,Visual,1479026,1482229,3203,"X"
D9_TT_Coded.eaf,D9,Auditory,1,4,6,6,Correct,1472619,1482867,Ga1 Tu4 Ta6 {2 *6* 8} Ch6,1487279,1,Director,1,"T1",1479026,1482229,3203,Acoustic,1479620,1482255,2635,"X"
D9_TT_Coded.eaf,D9,Auditory,1,5,2,2,Correct,1487279,1494222,Ga1 Tu5 Ta2 {*2* 1 4} Ch2,1494811,2,Director,1,"T1",1490026,1492418,2392,Visual,1490026,1492418,2392,"X"
D9_TT_Coded.eaf,D9,Auditory,1,5,2,2,Correct,1487279,1494222,Ga1 Tu5 Ta2 {*2* 1 4} Ch2,1494811,2,Director,1,"T1",1490026,1492418,2392,Acoustic,1490810,1492431,1621,"X"
D9_TT_Coded.eaf,D9,Auditory,1,6,8,8,Correct,1494811,1501756,Ga1 Tu6 Ta8 {1 *8* 6} Ch8,1502598,1,Director,1,"T1",1498026,1500823,2797,Visual,1498026,1500823,2797,"X"
D9_TT_Coded.eaf,D9,Auditory,1,6,8,8,Correct,1494811,1501756,Ga1 Tu6 Ta8 {1 *8* 6} Ch8,1502598,1,Director,1,"T1",1498026,1500823,2797,Acoustic,1498606,1500836,2230,"X"
D9_TT_Coded.eaf,D9,Auditory,1,7,3,3,Correct,1502598,1509438,Ga1 Tu7 Ta3 {8 *3* 4} Ch3,1525778,2,Director,1,"T1",1506810,1509243,2433,Visual,1506810,1509243,2433,"X"
D9_TT_Coded.eaf,D9,Auditory,1,7,3,3,Correct,1502598,1509438,Ga1 Tu7 Ta3 {8 *3* 4} Ch3,1525778,2,Director,1,"T1",1506810,1509243,2433,Acoustic,1507397,1509249,1852,"X"
D9_TT_Coded.eaf,D9,Auditory,1,8,2,2,Correct,1525778,1531914,Ga1 Tu8 Ta2 {5 1 *2*} Ch2,1534093,1,Director,1,"T1",1530621,1532229,1608,Visual,1530621,1532229,1608,"X"
D9_TT_Coded.eaf,D9,Auditory,1,8,2,2,Correct,1525778,1531914,Ga1 Tu8 Ta2 {5 1 *2*} Ch2,1534093,1,Director,1,"T1",1530621,1532229,1608,Acoustic,1531026,1532242,1216,"X"
D9_TT_Coded.eaf,D9,Auditory,1,9,6,6,Correct,1534093,1541276,Ga1 Tu9 Ta6 {*6* 7 8} Ch6,1541882,2,Director,1,"T1",1538026,1540215,2189,Visual,1538026,1540215,2189,"X"
D9_TT_Coded.eaf,D9,Auditory,1,9,6,6,Correct,1534093,1541276,Ga1 Tu9 Ta6 {*6* 7 8} Ch6,1541882,2,Director,1,"T1",1538026,1540215,2189,Acoustic,1538410,1540018,1608,"X"
D9_TT_Coded.eaf,D9,Auditory,1,10,5,5,Correct,1541882,1547474,Ga1 Tu10 Ta5 {7 *5* 6} Ch5,1548380,1,Director,1,"T1",1544215,1545229,1014,Visual,1544215,1545229,1014,"X"
D9_TT_Coded.eaf,D9,Auditory,1,10,5,5,Correct,1541882,1547474,Ga1 Tu10 Ta5 {7 *5* 6} Ch5,1548380,1,Director,1,"T1",1544215,1545229,1014,Acoustic,1544620,1545026,406,"X"
D9_TT_Coded.eaf,D9,Auditory,1,11,4,4,Correct,1548380,1555204,Ga1 Tu11 Ta4 {*4* 7 1} Ch4,1555410,2,Director,1,"T1",1550189,1551405,1216,Visual,1550189,1551405,1216,"X"
D9_TT_Coded.eaf,D9,Auditory,1,11,4,4,Correct,1548380,1555204,Ga1 Tu11 Ta4 {*4* 7 1} Ch4,1555410,2,Director,1,"T1",1550189,1551405,1216,Acoustic,1551020,1551412,392,"X"
D9_TT_Coded.eaf,D9,Auditory,1,12,1,1,Correct,1555410,1560298,Ga1 Tu12 Ta1 {*1* 7 2} Ch1,1560868,1,Director,1,"T1",1556824,1558824,2000,Visual,1556824,1558824,2000,"X"
D9_TT_Coded.eaf,D9,Auditory,1,12,1,1,Correct,1555410,1560298,Ga1 Tu12 Ta1 {*1* 7 2} Ch1,1560868,1,Director,1,"T1",1556824,1558824,2000,Acoustic,1557412,1558831,1419,"X"
D9_TT_Coded.eaf,D9,Auditory,1,13,5,5,Correct,1560868,1568011,Ga1 Tu13 Ta5 {2 3 *5*} Ch5,1568810,2,Director,1,"T1",1563215,1564215,1000,Visual,1563215,1564215,1000,"X"
D9_TT_Coded.eaf,D9,Auditory,1,13,5,5,Correct,1560868,1568011,Ga1 Tu13 Ta5 {2 3 *5*} Ch5,1568810,2,Director,1,"T1",1563215,1564215,1000,Acoustic,1563816,1564235,419,"X"
D9_TT_Coded.eaf,D9,Auditory,1,14,7,7,Correct,1568810,1577314,Ga1 Tu14 Ta7 {*7* 2 3} Ch7,1580146,1,Director,1,"T1",1573216,1575621,2405,Visual,1573216,1575621,2405,"X"
D9_TT_Coded.eaf,D9,Auditory,1,14,7,7,Correct,1568810,1577314,Ga1 Tu14 Ta7 {*7* 2 3} Ch7,1580146,1,Director,1,"T1",1573216,1575621,2405,Acoustic,1574019,1575411,1392,"X"
D9_TT_Coded.eaf,D9,Auditory,1,15,1,1,Correct,1580146,1585155,Ga1 Tu15 Ta1 {6 4 *1*} Ch1,1589770,2,Director,1,"T1",1579621,1582621,3000,Visual,1579621,1582621,3000,"X"
D9_TT_Coded.eaf,D9,Auditory,1,15,1,1,Correct,1580146,1585155,Ga1 Tu15 Ta1 {6 4 *1*} Ch1,1589770,2,Director,1,"T1",1579621,1582621,3000,Acoustic,1581019,1582411,1392,"X"
D9_TT_Coded.eaf,D9,Auditory,2,0,2,2,Correct,1589770,1597505,Ga2 Tu0 Ta2 {5 1 *2*} Ch2,1599114,1,Director,1,"T1",1593418,1595229,1811,Visual,1593418,1595229,1811,"X"
D9_TT_Coded.eaf,D9,Auditory,2,0,2,2,Correct,1589770,1597505,Ga2 Tu0 Ta2 {5 1 *2*} Ch2,1599114,1,Director,1,"T1",1593418,1595229,1811,Acoustic,1594005,1595235,1230,"X"
D9_TT_Coded.eaf,D9,Auditory,2,1,3,3,Correct,1599114,1604770,Ga2 Tu1 Ta3 {8 *3* 4} Ch3,1607586,2,Director,1,"T1",1601418,1604026,2608,Visual,1601418,1604026,2608,"X"
D9_TT_Coded.eaf,D9,Auditory,2,1,3,3,Correct,1599114,1604770,Ga2 Tu1 Ta3 {8 *3* 4} Ch3,1607586,2,Director,1,"T1",1601418,1604026,2608,Acoustic,1602418,1604039,1621,"X"
D9_TT_Coded.eaf,D9,Auditory,2,2,7,7,Correct,1607586,1615665,Ga2 Tu2 Ta7 {*7* 2 3} Ch7,1612178,1,Director,1,"T1",1606823,1609229,2406,Visual,1606823,1609229,2406,"X"
D9_TT_Coded.eaf,D9,Auditory,2,2,7,7,Correct,1607586,1615665,Ga2 Tu2 Ta7 {*7* 2 3} Ch7,1612178,1,Director,1,"T1",1606823,1609229,2406,Acoustic,1607614,1609235,1621,"X"
D9_TT_Coded.eaf,D9,Auditory,2,3,1,1,Correct,1612178,1625657,Ga2 Tu3 Ta1 {6 4 *1*} Ch1,1625121,2,Director,1,"T1",1621013,1623229,2216,Visual,1621013,1623229,2216,"X"
D9_TT_Coded.eaf,D9,Auditory,2,3,1,1,Correct,1612178,1625657,Ga2 Tu3 Ta1 {6 4 *1*} Ch1,1625121,2,Director,1,"T1",1621013,1623229,2216,Acoustic,1621614,1623236,1622,"X"
D9_TT_Coded.eaf,D9,Auditory,2,4,5,5,Correct,1625121,1634272,Ga2 Tu4 Ta5 {7 *5* 6} Ch5,1635113,1,Director,1,"T1",1628391,1630216,1825,Visual,1628391,1630216,1825,"X"
D9_TT_Coded.eaf,D9,Auditory,2,4,5,5,Correct,1625121,1634272,Ga2 Tu4 Ta5 {7 *5* 6} Ch5,1635113,1,Director,1,"T1",1628391,1630216,1825,Acoustic,1629188,1629810,622,"X"
D9_TT_Coded.eaf,D9,Auditory,2,5,4,4,Correct,1635113,1642552,Ga2 Tu5 Ta4 {*4* 7 1} Ch4,1641792,2,Director,1,"T1",1636621,1638026,1405,Visual,1636621,1638026,1405,"X"
D9_TT_Coded.eaf,D9,Auditory,2,5,4,4,Correct,1635113,1642552,Ga2 Tu5 Ta4 {*4* 7 1} Ch4,1641792,2,Director,1,"T1",1636621,1638026,1405,Acoustic,1637613,1638019,406,"X"
D9_TT_Coded.eaf,D9,Auditory,2,6,3,3,Correct,1641792,1656072,Ga2 Tu6 Ta3 {4 5 *3*} Ch3,1656960,1,Director,1,"T1",1652592,1654214,1622,Visual,1652592,1654214,1622,"X"
D9_TT_Coded.eaf,D9,Auditory,2,6,3,3,Correct,1641792,1656072,Ga2 Tu6 Ta3 {4 5 *3*} Ch3,1656960,1,Director,1,"T1",1652592,1654214,1622,Acoustic,1652815,1654234,1419,"X"
D9_TT_Coded.eaf,D9,Auditory,2,7,8,8,Correct,1656960,1665920,Ga2 Tu7 Ta8 {5 *8* 3} Ch8,1664472,2,Director,1,"T1",1660823,1663040,2217,Visual,1660823,1663040,2217,"X"
D9_TT_Coded.eaf,D9,Auditory,2,7,8,8,Correct,1656960,1665920,Ga2 Tu7 Ta8 {5 *8* 3} Ch8,1664472,2,Director,1,"T1",1660823,1663040,2217,Acoustic,1661438,1662816,1378,"X"
D9_TT_Coded.eaf,D9,Auditory,2,8,6,6,Correct,1664472,1673192,Ga2 Tu8 Ta6 {2 *6* 8} Ch6,1680247,1,Director,1,"T1",1668621,1672621,4000,Visual,1668621,1672621,4000,"X"
D9_TT_Coded.eaf,D9,Auditory,2,8,6,6,Correct,1664472,1673192,Ga2 Tu8 Ta6 {2 *6* 8} Ch6,1680247,1,Director,1,"T1",1668621,1672621,4000,Acoustic,1669830,1672398,2568,"X"
D9_TT_Coded.eaf,D9,Auditory,2,9,2,2,Correct,1680247,1683431,Ga2 Tu9 Ta2 {*2* 1 4} Ch2,1683072,2,Director,1,"T1",1678188,1680823,2635,Visual,1678188,1680823,2635,"X"
D9_TT_Coded.eaf,D9,Auditory,2,9,2,2,Correct,1680247,1683431,Ga2 Tu9 Ta2 {*2* 1 4} Ch2,1683072,2,Director,1,"T1",1678188,1680823,2635,Acoustic,1679620,1680836,1216,"X"
D9_TT_Coded.eaf,D9,Auditory,2,10,4,4,Correct,1683072,1692968,Ga2 Tu10 Ta4 {6 5 *4*} Ch4,1693871,1,Director,1,"T1",1687405,1688824,1419,Visual,1687405,1688824,1419,"X"
D9_TT_Coded.eaf,D9,Auditory,2,10,4,4,Correct,1683072,1692968,Ga2 Tu10 Ta4 {6 5 *4*} Ch4,1693871,1,Director,1,"T1",1687405,1688824,1419,Acoustic,1688026,1688418,392,"X"
D9_TT_Coded.eaf,D9,Auditory,2,11,7,7,Correct,1693871,1710134,Ga2 Tu11 Ta7 {8 *7* 3} Ch7,1710700,2,Director,1,"T1",1695620,1697418,1798,Visual,1695620,1697418,1798,"X"
D9_TT_Coded.eaf,D9,Auditory,2,11,7,7,Correct,1693871,1710134,Ga2 Tu11 Ta7 {8 *7* 3} Ch7,1710700,2,Director,1,"T1",1695620,1697418,1798,Acoustic,1696221,1697424,1203,"X"
D9_TT_Coded.eaf,D9,Auditory,2,11,7,7,Correct,1693871,1710134,Ga2 Tu11 Ta7 {8 *7* 3} Ch7,1710700,2,Director,1,"T1",1695620,1697418,1798,Acoustic,1697424,1697431,7,"X"
D9_TT_Coded.eaf,D9,Auditory,2,11,7,7,Correct,1693871,1710134,Ga2 Tu11 Ta7 {8 *7* 3} Ch7,1710700,1,Matcher,1,"T2",1699026,1703229,4203,Visual,1699052,1700025,973,"X"
D9_TT_Coded.eaf,D9,Auditory,2,11,7,7,Correct,1693871,1710134,Ga2 Tu11 Ta7 {8 *7* 3} Ch7,1710700,1,Matcher,1,"T2",1699026,1703229,4203,Acoustic,1699599,1700017,418,"X"
D9_TT_Coded.eaf,D9,Auditory,2,11,7,7,Correct,1693871,1710134,Ga2 Tu11 Ta7 {8 *7* 3} Ch7,1710700,1,Matcher,1,"T2",1699026,1703229,4203,Visual,1701031,1703234,2203,"X"
D9_TT_Coded.eaf,D9,Auditory,2,11,7,7,Correct,1693871,1710134,Ga2 Tu11 Ta7 {8 *7* 3} Ch7,1710700,1,Matcher,1,"T2",1699026,1703229,4203,Acoustic,1701612,1703247,1635,"X"
D9_TT_Coded.eaf,D9,Auditory,2,11,7,7,Correct,1693871,1710134,Ga2 Tu11 Ta7 {8 *7* 3} Ch7,1710700,2,Director,2,"T3",1703256,1705824,2568,Acoustic,1703236,1705601,2365,"X"
D9_TT_Coded.eaf,D9,Auditory,2,11,7,7,Correct,1693871,1710134,Ga2 Tu11 Ta7 {8 *7* 3} Ch7,1710700,2,Director,2,"T3",1703256,1705824,2568,Visual,1703256,1705824,2568,"X"
D9_TT_Coded.eaf,D9,Auditory,2,11,7,7,Correct,1693871,1710134,Ga2 Tu11 Ta7 {8 *7* 3} Ch7,1710700,1,Matcher,2,"T4",1706411,1707614,1203,Visual,1706411,1707614,1203,"X"
D9_TT_Coded.eaf,D9,Auditory,2,11,7,7,Correct,1693871,1710134,Ga2 Tu11 Ta7 {8 *7* 3} Ch7,1710700,1,Matcher,2,"T4",1706411,1707614,1203,Acoustic,1706613,1707410,797,"X"
D9_TT_Coded.eaf,D9,Auditory,2,12,8,8,Correct,1710700,1716256,Ga2 Tu12 Ta8 {1 *8* 6} Ch8,1716517,1,Director,1,"T1",1712405,1714608,2203,Visual,1712405,1714608,2203,"X"
D9_TT_Coded.eaf,D9,Auditory,2,13,6,6,Correct,1716517,1727389,Ga2 Tu13 Ta6 {*6* 7 8} Ch6,1726863,2,Director,1,"T1",1720418,1723026,2608,Visual,1720418,1723026,2608,"X"
D9_TT_Coded.eaf,D9,Auditory,2,13,6,6,Correct,1716517,1727389,Ga2 Tu13 Ta6 {*6* 7 8} Ch6,1726863,2,Director,1,"T1",1720418,1723026,2608,Acoustic,1721026,1722620,1594,"X"
D9_TT_Coded.eaf,D9,Auditory,2,14,1,1,Correct,1726863,1734287,Ga2 Tu14 Ta1 {*1* 7 2} Ch1,1735117,1,Director,1,"T1",1730810,1733216,2406,Visual,1730810,1733216,2406,"X"
D9_TT_Coded.eaf,D9,Auditory,2,14,1,1,Correct,1726863,1734287,Ga2 Tu14 Ta1 {*1* 7 2} Ch1,1735117,1,Director,1,"T1",1730810,1733216,2406,Acoustic,1732411,1733222,811,"X"
D9_TT_Coded.eaf,D9,Auditory,2,15,5,5,Correct,1735117,1741813,Ga2 Tu15 Ta5 {2 3 *5*} Ch5,1746710,2,Director,1,"T1",1737229,1738229,1000,Visual,1737229,1738229,1000,"X"
D9_TT_Coded.eaf,D9,Auditory,2,15,5,5,Correct,1735117,1741813,Ga2 Tu15 Ta5 {2 3 *5*} Ch5,1746710,2,Director,1,"T1",1737229,1738229,1000,Acoustic,1737817,1738222,405,"X"
D9_TT_Coded.eaf,D9,Auditory,3,0,7,7,Correct,1746710,1753671,Ga3 Tu0 Ta7 {*7* 2 3} Ch7,1754252,1,Director,1,"T1",1749012,1751810,2798,Visual,1749012,1751810,2798,"X"
D9_TT_Coded.eaf,D9,Auditory,3,0,7,7,Correct,1746710,1753671,Ga3 Tu0 Ta7 {*7* 2 3} Ch7,1754252,1,Director,1,"T1",1749012,1751810,2798,Acoustic,1749823,1751823,2000,"X"
D9_TT_Coded.eaf,D9,Auditory,3,1,1,1,Correct,1754252,1759684,Ga3 Tu1 Ta1 {6 4 *1*} Ch1,1759646,2,Director,1,"T1",1755201,1757620,2419,Visual,1755201,1757620,2419,"X"
D9_TT_Coded.eaf,D9,Auditory,3,1,1,1,Correct,1754252,1759684,Ga3 Tu1 Ta1 {6 4 *1*} Ch1,1759646,2,Director,1,"T1",1755201,1757620,2419,Acoustic,1756227,1757633,1406,"X"
D9_TT_Coded.eaf,D9,Auditory,3,2,3,3,Correct,1759646,1765422,Ga3 Tu2 Ta3 {4 5 *3*} Ch3,1766484,1,Director,1,"T1",1761216,1763216,2000,Visual,1761216,1763216,2000,"X"
D9_TT_Coded.eaf,D9,Auditory,3,2,3,3,Correct,1759646,1765422,Ga3 Tu2 Ta3 {4 5 *3*} Ch3,1766484,1,Director,1,"T1",1761216,1763216,2000,Acoustic,1762006,1763020,1014,"X"
D9_TT_Coded.eaf,D9,Auditory,3,3,8,8,Correct,1766484,1772236,Ga3 Tu3 Ta8 {5 *8* 3} Ch8,1772526,2,Director,1,"T1",1769026,1770837,1811,Visual,1769026,1770837,1811,"X"
D9_TT_Coded.eaf,D9,Auditory,3,3,8,8,Correct,1766484,1772236,Ga3 Tu3 Ta8 {5 *8* 3} Ch8,1772526,2,Director,1,"T1",1769026,1770837,1811,Acoustic,1769221,1770843,1622,"X"
D9_TT_Coded.eaf,D9,Auditory,3,4,5,5,Correct,1772526,1780566,Ga3 Tu4 Ta5 {7 *5* 6} Ch5,1781907,1,Director,1,"T1",1774620,1776228,1608,Visual,1774620,1776228,1608,"X"
D9_TT_Coded.eaf,D9,Auditory,3,4,5,5,Correct,1772526,1780566,Ga3 Tu4 Ta5 {7 *5* 6} Ch5,1781907,1,Director,1,"T1",1774620,1776228,1608,Acoustic,1775417,1776241,824,"X"
D9_TT_Coded.eaf,D9,Auditory,3,5,4,4,Correct,1781907,1787186,Ga3 Tu5 Ta4 {*4* 7 1} Ch4,1787086,2,Director,1,"T1",1783405,1784608,1203,Visual,1783405,1784608,1203,"X"
D9_TT_Coded.eaf,D9,Auditory,3,5,4,4,Correct,1781907,1787186,Ga3 Tu5 Ta4 {*4* 7 1} Ch4,1787086,2,Director,1,"T1",1783405,1784608,1203,Acoustic,1784229,1784621,392,"X"
D9_TT_Coded.eaf,D9,Auditory,3,6,6,6,Correct,1787086,1794143,Ga3 Tu6 Ta6 {2 *6* 8} Ch6,1795347,1,Director,1,"T1",1790823,1793621,2798,Visual,1790823,1793621,2798,"X"
D9_TT_Coded.eaf,D9,Auditory,3,6,6,6,Correct,1787086,1794143,Ga3 Tu6 Ta6 {2 *6* 8} Ch6,1795347,1,Director,1,"T1",1790823,1793621,2798,Acoustic,1791620,1793634,2014,"X"
D9_TT_Coded.eaf,D9,Auditory,3,7,2,2,Correct,1795347,1800114,Ga3 Tu7 Ta2 {*2* 1 4} Ch2,1800278,2,Director,1,"T1",1796620,1798417,1797,Visual,1796620,1798417,1797,"X"
D9_TT_Coded.eaf,D9,Auditory,3,7,2,2,Correct,1795347,1800114,Ga3 Tu7 Ta2 {*2* 1 4} Ch2,1800278,2,Director,1,"T1",1796620,1798417,1797,Acoustic,1797025,1798416,1391,"X"
D9_TT_Coded.eaf,D9,Auditory,3,8,1,1,Correct,1800278,1806181,Ga3 Tu8 Ta1 {*1* 7 2} Ch1,1806642,1,Director,1,"T1",1802202,1804215,2013,Visual,1802202,1804215,2013,"X"
D9_TT_Coded.eaf,D9,Auditory,3,8,1,1,Correct,1800278,1806181,Ga3 Tu8 Ta1 {*1* 7 2} Ch1,1806642,1,Director,1,"T1",1802202,1804215,2013,Acoustic,1803025,1804215,1190,"X"
D9_TT_Coded.eaf,D9,Auditory,3,9,5,5,Correct,1806642,1812370,Ga3 Tu9 Ta5 {2 3 *5*} Ch5,1812565,2,Director,1,"T1",1809013,1810215,1202,Visual,1809013,1810215,1202,"X"
D9_TT_Coded.eaf,D9,Auditory,3,9,5,5,Correct,1806642,1812370,Ga3 Tu9 Ta5 {2 3 *5*} Ch5,1812565,2,Director,1,"T1",1809013,1810215,1202,Acoustic,1809621,1810229,608,"X"
D9_TT_Coded.eaf,D9,Auditory,3,10,2,2,Correct,1812565,1818701,Ga3 Tu10 Ta2 {5 1 *2*} Ch2,1819090,1,Director,1,"T1",1814188,1815823,1635,Visual,1814188,1815823,1635,"X"
D9_TT_Coded.eaf,D9,Auditory,3,10,2,2,Correct,1812565,1818701,Ga3 Tu10 Ta2 {5 1 *2*} Ch2,1819090,1,Director,1,"T1",1814188,1815823,1635,Acoustic,1814822,1815836,1014,"X"
D9_TT_Coded.eaf,D9,Auditory,3,11,3,3,Correct,1819090,1825834,Ga3 Tu11 Ta3 {8 *3* 4} Ch3,1827725,2,Director,1,"T1",1822391,1824823,2432,Visual,1822391,1824823,2432,"X"
D9_TT_Coded.eaf,D9,Auditory,3,11,3,3,Correct,1819090,1825834,Ga3 Tu11 Ta3 {8 *3* 4} Ch3,1827725,2,Director,1,"T1",1822391,1824823,2432,Acoustic,1822816,1824830,2014,"X"
D9_TT_Coded.eaf,D9,Auditory,3,12,8,8,Correct,1827725,1832445,Ga3 Tu12 Ta8 {1 *8* 6} Ch8,1832617,1,Director,1,"T1",1827824,1830013,2189,Visual,1827824,1830013,2189,"X"
D9_TT_Coded.eaf,D9,Auditory,3,13,6,7,Incorrect,1832617,1840856,Ga3 Tu13 Ta6 {6 *7* 8} Ch7,1841829,2,Director,1,"T1",1836810,1839837,3027,Visual,1836810,1839837,3027,"X"
D9_TT_Coded.eaf,D9,Auditory,3,13,6,7,Incorrect,1832617,1840856,Ga3 Tu13 Ta6 {6 *7* 8} Ch7,1841829,2,Director,1,"T1",1836810,1839837,3027,Acoustic,1837221,1839843,2622,"X"
D9_TT_Coded.eaf,D9,Auditory,3,14,4,5,Incorrect,1841829,1846037,Ga3 Tu14 Ta4 {6 *5* 4} Ch5,1847641,1,Director,1,"T1",1842418,1844216,1798,Visual,1842418,1844216,1798,"X"
D9_TT_Coded.eaf,D9,Auditory,3,14,4,5,Incorrect,1841829,1846037,Ga3 Tu14 Ta4 {6 *5* 4} Ch5,1847641,1,Director,1,"T1",1842418,1844216,1798,Acoustic,1843432,1843824,392,"X"
D9_TT_Coded.eaf,D9,Auditory,3,15,7,7,Correct,1847641,1853696,Ga3 Tu15 Ta7 {8 *7* 3} Ch7,1852641,2,Director,1,"T1",1849418,1852026,2608,Visual,1849418,1852026,2608,"X"
D9_TT_Coded.eaf,D9,Auditory,3,15,7,7,Correct,1847641,1853696,Ga3 Tu15 Ta7 {8 *7* 3} Ch7,1852641,2,Director,1,"T1",1849418,1852026,2608,Acoustic,1849823,1852039,2216,"X"